anime_id,genre_id
0,0
1,0
2,0
3,0
4,3
5,8
6,9
7,8
8,8
9,4
10,0
11,0
12,12
13,8
14,9
15,0
16,0
17,0
18,9
19,8
20,0
21,4
22,15
23,0
24,0
25,0
26,0
27,4
28,0
29,3
30,9
31,9
32,0
33,1
34,9
35,8
36,8
37,8
38,9
39,3
40,9
41,0
42,0
43,4
44,9
45,0
46,0
47,9
48,0
49,0
50,8
51,0
52,0
53,0
54,9
55,0
56,0
57,0
58,9
59,0
60,3
61,4
62,4
63,3
64,4
65,9
66,4
67,4
68,4
69,0
70,0
71,3
72,0
73,0
74,0
75,3
76,0
77,0
78,9
79,9
80,4
81,8
82,3
83,3
84,9
85,4
86,3
87,3
88,3
89,8
90,3
91,0
92,0
93,9
94,8
95,3
96,8
97,8
98,8
99,4
100,0
101,9
102,3
103,3
104,9
105,8
106,8
107,8
108,0
109,0
110,0
111,0
112,9
113,0
114,9
115,0
116,8
117,8
118,8
119,2
120,8
121,4
122,8
123,9
124,9
125,4
126,4
127,0
128,0
129,8
130,8
131,0
132,0
133,0
134,0
135,9
136,4
137,3
138,3
139,0
140,9
141,8
142,0
143,0
144,2
145,3
146,0
147,0
148,12
149,8
150,8
151,0
152,0
153,8
154,0
155,9
156,8
157,0
158,0
159,3
160,8
161,8
162,0
163,0
164,8
165,9
166,9
167,9
168,9
169,3
170,9
171,0
172,4
173,9
174,8
175,0
176,3
177,9
178,9
179,0
180,8
181,8
182,0
183,0
184,0
185,0
186,0
187,0
188,8
189,8
190,9
191,9
192,8
193,9
194,9
195,0
196,0
197,16
198,8
199,8
200,0
201,0
202,0
203,0
204,16
205,9
206,0
207,0
208,3
209,8
210,8
211,3
212,3
213,3
214,0
215,1
216,9
217,9
218,9
219,19
220,5
221,9
222,3
223,7
224,9
225,0
226,3
227,8
228,8
229,9
230,9
231,8
232,1
233,13
234,8
235,8
236,8
237,8
238,8
239,12
240,12
241,8
242,0
243,0
244,3
245,0
246,0
247,8
248,0
249,17
250,0
251,9
252,9
253,9
254,8
255,7
256,3
257,8
258,8
259,4
260,8
261,8
262,8
263,12
264,0
265,9
266,0
267,9
268,4
269,8
270,8
271,3
272,0
273,0
274,3
275,5
276,0
277,8
278,3
279,9
280,9
281,8
282,1
283,9
284,8
285,9
286,9
287,8
288,8
289,4
290,8
291,0
292,9
293,8
294,8
295,8
296,0
297,0
298,4
299,15
300,9
301,4
302,16
303,9
304,4
305,1
306,9
307,3
308,3
309,1
310,9
311,9
312,8
313,9
314,4
315,15
316,0
317,4
318,8
319,9
320,4
321,4
322,4
323,0
324,9
325,4
326,9
327,8
328,8
329,8
330,9
331,0
332,0
333,9
334,4
335,0
336,3
337,8
338,8
339,8
340,8
341,8
342,0
343,8
344,20
345,15
346,0
347,1
348,1
349,3
350,0
351,0
352,4
353,8
354,8
355,9
356,3
357,3
358,9
359,8
360,0
361,4
362,8
363,4
364,8
365,0
366,4
367,3
368,0
369,3
370,9
371,0
372,0
373,0
374,0
375,8
376,0
377,4
378,8
379,8
380,0
381,1
382,8
383,9
384,0
385,0
386,9
387,16
388,1
389,0
390,0
391,3
392,3
393,3
394,8
395,8
396,8
397,3
398,19
399,0
400,9
401,3
402,9
403,1
404,3
405,0
406,1
407,0
408,3
409,15
410,0
411,3
412,1
413,15
414,0
415,9
416,4
417,3
418,0
419,0
420,3
421,0
422,0
423,0
424,0
425,9
426,3
427,9
428,3
429,9
430,0
431,0
432,0
433,0
434,0
435,0
436,0
437,0
438,0
439,1
440,9
441,9
442,9
443,4
444,8
445,8
446,8
447,4
448,7
449,0
450,0
451,0
452,0
453,8
454,3
455,8
456,0
457,9
458,9
459,1
460,9
461,8
462,8
463,3
464,8
465,3
466,0
467,3
468,8
469,0
470,3
471,0
472,8
473,8
474,8
475,3
476,9
477,9
478,3
479,3
480,3
481,4
482,0
483,9
484,9
485,8
486,8
487,8
488,3
489,8
490,3
491,9
492,3
493,4
494,0
495,0
496,4
497,7
498,4
499,7
500,9
501,3
502,3
503,3
504,0
505,9
506,0
507,0
508,0
509,0
510,0
511,9
512,8
513,8
514,0
515,8
516,12
517,0
518,19
519,0
520,9
521,8
522,9
523,8
524,8
525,8
526,0
527,8
528,9
529,9
530,0
531,0
532,0
533,8
534,9
535,1
536,8
537,3
538,0
539,1
540,8
541,7
542,4
543,8
544,9
545,3
546,8
547,3
548,4
549,8
550,9
551,9
552,0
553,9
554,9
555,8
556,1
557,0
558,4
559,9
560,3
561,0
562,0
563,8
564,15
565,0
566,0
567,9
568,9
569,3
570,3
571,3
572,4
573,8
574,8
575,8
576,3
577,7
578,8
579,8
580,3
581,3
582,8
583,4
584,0
585,4
586,8
587,8
588,8
589,9
590,8
591,9
592,9
593,8
594,8
595,8
596,8
597,0
598,0
599,8
600,9
601,10
602,9
603,8
604,8
605,8
606,8
607,9
608,0
609,8
610,8
611,9
612,9
613,8
614,9
615,11
616,9
617,8
618,8
619,8
620,3
621,3
622,9
623,9
624,8
625,8
626,8
627,9
628,8
629,4
630,8
631,8
632,3
633,8
634,9
635,9
636,8
637,8
638,8
639,7
640,4
641,4
642,0
643,8
644,10
645,8
646,9
647,8
648,9
649,8
650,8
651,8
652,8
653,3
654,8
655,8
656,4
657,0
658,4
659,9
660,9
661,9
662,19
663,9
664,8
665,8
666,8
667,4
668,9
669,9
670,19
671,8
672,0
673,8
674,19
675,19
676,8
677,7
678,8
679,4
680,8
681,19
682,19
683,10
684,8
685,8
686,8
687,19
688,20
689,3
690,19
691,8
692,3
693,0
694,1
695,0
696,3
697,0
698,0
699,3
700,8
701,8
702,8
703,0
704,8
705,8
706,8
707,8
708,0
709,3
710,3
711,3
712,4
713,8
714,8
715,8
716,9
717,4
718,5
719,0
720,3
721,9
722,4
723,3
724,8
725,8
726,8
727,8
728,0
729,0
730,0
731,9
732,9
733,3
734,0
735,9
736,12
737,9
738,8
739,9
740,8
741,4
742,8
743,8
744,8
745,8
746,8
747,20
748,20
749,20
750,9
751,8
752,0
753,8
754,8
755,8
756,9
757,4
758,0
759,9
760,9
761,0
762,3
763,3
764,9
765,2
766,1
767,19
768,8
769,9
770,9
771,8
772,4
773,0
774,0
775,4
776,3
777,0
778,9
779,9
780,2
781,3
782,8
783,8
784,3
785,3
786,8
787,3
788,3
789,3
790,8
791,0
792,4
793,0
794,8
795,9
796,8
797,0
798,0
799,0
800,15
801,9
802,8
803,0
804,0
805,0
806,0
807,0
808,0
809,0
810,0
811,0
812,0
813,0
814,0
815,0
816,0
817,0
818,0
819,0
820,0
821,0
822,9
823,9
824,8
825,3
826,3
827,8
828,0
829,9
830,8
831,0
832,8
833,0
834,4
835,8
836,8
837,0
838,0
839,0
840,3
841,3
842,0
843,4
844,8
845,9
846,16
847,0
848,0
849,8
850,0
851,8
852,8
853,9
854,8
855,8
856,0
857,3
858,8
859,9
860,0
861,0
862,3
863,0
864,3
865,3
866,8
867,7
868,4
869,8
870,9
871,9
872,0
873,0
874,0
875,8
876,0
877,6
878,3
879,0
880,8
881,8
882,0
883,0
884,0
885,9
886,9
887,8
888,8
889,3
890,3
891,3
892,0
893,8
894,8
895,8
896,8
897,0
898,8
899,8
900,12
901,3
902,3
903,0
904,0
905,0
906,8
907,0
908,9
909,4
910,3
911,0
912,9
913,8
914,0
915,0
916,8
917,8
918,8
919,9
920,9
921,4
922,0
923,3
924,0
925,0
926,8
927,8
928,3
929,0
930,3
931,3
932,8
933,7
934,4
935,1
936,3
937,3
938,0
939,0
940,8
941,8
942,8
943,8
944,8
945,8
946,8
947,8
948,8
949,3
950,3
951,3
952,4
953,16
954,1
955,3
956,0
957,0
958,8
959,8
960,8
961,8
962,3
963,8
964,8
965,8
966,3
967,8
968,8
969,8
970,8
971,0
972,8
973,8
974,0
975,0
976,8
977,8
978,9
979,0
980,0
981,8
982,9
983,4
984,4
985,3
986,0
987,9
988,0
989,8
990,0
991,0
992,0
993,8
994,0
995,4
996,1
997,8
998,3
999,8
1000,3
1001,0
1002,8
1003,9
1004,8
1005,8
1006,8
1007,0
1008,3
1009,8
1010,8
1011,8
1012,8
1013,8
1014,10
1015,8
1016,3
1017,0
1018,3
1019,3
1020,3
1021,0
1022,3
1023,10
1024,8
1025,9
1026,9
1027,8
1028,0
1029,0
1030,8
1031,0
1032,8
1033,3
1034,3
1035,8
1036,3
1037,3
1038,4
1039,8
1040,4
1041,0
1042,9
1043,8
1044,16
1045,0
1046,0
1047,8
1048,8
1049,8
1050,3
1051,8
1052,0
1053,8
1054,3
1055,3
1056,8
1057,3
1058,3
1059,8
1060,3
1061,0
1062,3
1063,8
1064,3
1065,8
1066,3
1067,3
1068,8
1069,7
1070,9
1071,0
1072,8
1073,0
1074,0
1075,8
1076,0
1077,8
1078,13
1079,8
1080,9
1081,3
1082,8
1083,8
1084,8
1085,12
1086,8
1087,16
1088,8
1089,8
1090,0
1091,8
1092,8
1093,8
1094,3
1095,8
1096,8
1097,8
1098,3
1099,4
1100,4
1101,3
1102,12
1103,9
1104,8
1105,8
1106,8
1107,2
1108,19
1109,8
1110,8
1111,8
1112,10
1113,0
1114,8
1115,8
1116,0
1117,0
1118,0
1119,16
1120,0
1121,8
1122,8
1123,0
1124,0
1125,8
1126,9
1127,0
1128,0
1129,8
1130,7
1131,4
1132,4
1133,8
1134,0
1135,0
1136,0
1137,3
1138,0
1139,0
1140,3
1141,3
1142,0
1143,0
1144,0
1145,3
1146,3
1147,0
1148,3
1149,0
1150,3
1151,0
1152,8
1153,4
1154,3
1155,3
1156,3
1157,3
1158,0
1159,8
1160,8
1161,9
1162,20
1163,20
1164,20
1165,7
1166,8
1167,3
1168,9
1169,3
1170,9
1171,16
1172,3
1173,9
1174,0
1175,0
1176,0
1177,9
1178,9
1179,2
1180,0
1181,0
1182,0
1183,0
1184,8
1185,0
1186,8
1187,8
1188,3
1189,3
1190,0
1191,9
1192,3
1193,0
1194,0
1195,12
1196,12
1197,19
1198,3
1199,10
1200,9
1201,4
1202,8
1203,7
1204,3
1205,9
1206,0
1207,8
1208,0
1209,8
1210,16
1211,0
1212,0
1213,0
1214,0
1215,0
1216,0
1217,8
1218,8
1219,0
1220,8
1221,8
1222,0
1223,8
1224,0
1225,0
1226,0
1227,3
1228,20
1229,20
1230,2
1231,0
1232,3
1233,3
1234,3
1235,8
1236,8
1237,8
1238,8
1239,15
1240,3
1241,0
1242,8
1243,3
1244,9
1245,8
1246,4
1247,0
1248,8
1249,3
1250,8
1251,3
1252,0
1253,0
1254,20
1255,8
1256,20
1257,8
1258,20
1259,20
1260,8
1261,8
1262,8
1263,8
1264,8
1265,8
1266,8
1267,8
1268,8
1269,0
1270,20
1271,7
1272,20
1273,20
1274,9
1275,4
1276,8
1277,20
1278,8
1279,0
1280,8
1281,0
1282,8
1283,8
1284,0
1285,0
1286,0
1287,0
1288,0
1289,0
1290,8
1291,0
1292,0
1293,0
1294,8
1295,8
1296,0
1297,8
1298,0
1299,0
1300,0
1301,0
1302,8
1303,8
1304,0
1305,8
1306,0
1307,0
1308,0
1309,3
1310,1
1311,0
1312,8
1313,3
1314,3
1315,3
1316,3
1317,0
1318,8
1319,9
1320,8
1321,0
1322,0
1323,0
1324,0
1325,0
1326,0
1327,8
1328,0
1329,3
1330,0
1331,0
1332,8
1333,8
1334,8
1335,8
1336,0
1337,0
1338,0
1339,0
1340,3
1341,8
1342,8
1343,8
1344,0
1345,8
1346,0
1347,9
1348,9
1349,8
1350,8
1351,8
1352,0
1353,3
1354,0
1355,0
1356,8
1357,8
1358,9
1359,1
1360,0
1361,8
1362,9
1363,8
1364,9
1365,3
1366,8
1367,8
1368,3
1369,4
1370,3
1371,20
1372,20
1373,12
1374,20
1375,9
1376,8
1377,9
1378,8
1379,0
1380,4
1381,1
1382,4
1383,8
1384,0
1385,3
1386,9
1387,0
1388,4
1389,8
1390,19
1391,9
1392,8
1393,6
1394,0
1395,0
1396,8
1397,8
1398,8
1399,0
1400,8
1401,9
1402,0
1403,3
1404,8
1405,4
1406,8
1407,8
1408,9
1409,8
1410,4
1411,9
1412,7
1413,0
1414,9
1415,0
1416,0
1417,8
1418,9
1419,3
1420,0
1421,0
1422,1
1423,3
1424,8
1425,9
1426,9
1427,16
1428,3
1429,0
1430,8
1431,0
1432,0
1433,0
1434,3
1435,9
1436,3
1437,8
1438,0
1439,0
1440,8
1441,8
1442,8
1443,6
1444,9
1445,4
1446,0
1447,8
1448,8
1449,9
1450,16
1451,20
1452,8
1453,8
1454,3
1455,8
1456,8
1457,4
1458,4
1459,0
1460,0
1461,0
1462,4
1463,8
1464,0
1465,8
1466,8
1467,12
1468,8
1469,8
1470,8
1471,8
1472,8
1473,8
1474,8
1475,8
1476,8
1477,0
1478,8
1479,0
1480,0
1481,3
1482,8
1483,20
1484,20
1485,20
1486,20
1487,20
1488,19
1489,3
1490,8
1491,19
1492,0
1493,9
1494,8
1495,8
1496,0
1497,0
1498,9
1499,0
1500,0
1501,0
1502,9
1503,9
1504,8
1505,0
1506,0
1507,8
1508,0
1509,8
1510,8
1511,8
1512,0
1513,0
1514,3
1515,0
1516,0
1517,0
1518,0
1519,0
1520,8
1521,8
1522,8
1523,0
1524,8
1525,3
1526,0
1527,8
1528,0
1529,8
1530,8
1531,9
1532,8
1533,0
1534,8
1535,4
1536,4
1537,0
1538,8
1539,0
1540,0
1541,8
1542,0
1543,9
1544,4
1545,9
1546,16
1547,8
1548,8
1549,3
1550,8
1551,0
1552,0
1553,0
1554,0
1555,8
1556,8
1557,8
1558,4
1559,0
1560,8
1561,8
1562,8
1563,4
1564,8
1565,8
1566,0
1567,4
1568,9
1569,4
1570,8
1571,8
1572,8
1573,8
1574,0
1575,8
1576,0
1577,0
1578,8
1579,0
1580,8
1581,4
1582,0
1583,3
1584,0
1585,0
1586,0
1587,8
1588,9
1589,9
1590,0
1591,9
1592,8
1593,8
1594,8
1595,8
1596,8
1597,8
1598,0
1599,0
1600,0
1601,0
1602,8
1603,8
1604,6
1605,0
1606,16
1607,0
1608,0
1609,20
1610,0
1611,7
1612,0
1613,0
1614,0
1615,8
1616,0
1617,8
1618,20
1619,2
1620,8
1621,16
1622,20
1623,20
1624,20
1625,9
1626,20
1627,20
1628,8
1629,8
1630,4
1631,8
1632,0
1633,0
1634,0
1635,0
1636,9
1637,9
1638,0
1639,0
1640,0
1641,0
1642,17
1643,0
1644,0
1645,8
1646,8
1647,4
1648,8
1649,8
1650,8
1651,0
1652,0
1653,9
1654,0
1655,8
1656,8
1657,20
1658,0
1659,8
1660,1
1661,4
1662,3
1663,0
1664,0
1665,3
1666,8
1667,0
1668,0
1669,0
1670,3
1671,0
1672,8
1673,0
1674,4
1675,8
1676,0
1677,8
1678,8
1679,8
1680,0
1681,8
1682,4
1683,8
1684,0
1685,0
1686,0
1687,3
1688,9
1689,0
1690,0
1691,3
1692,8
1693,8
1694,8
1695,8
1696,0
1697,8
1698,8
1699,8
1700,4
1701,8
1702,0
1703,3
1704,8
1705,8
1706,3
1707,0
1708,8
1709,8
1710,0
1711,0
1712,7
1713,7
1714,9
1715,9
1716,8
1717,8
1718,9
1719,9
1720,5
1721,8
1722,8
1723,8
1724,8
1725,3
1726,20
1727,20
1728,3
1729,8
1730,0
1731,0
1732,0
1733,8
1734,8
1735,8
1736,8
1737,8
1738,8
1739,8
1740,19
1741,8
1742,8
1743,8
1744,0
1745,3
1746,0
1747,2
1748,2
1749,9
1750,8
1751,8
1752,0
1753,8
1754,8
1755,0
1756,0
1757,8
1758,0
1759,0
1760,8
1761,8
1762,8
1763,0
1764,0
1765,0
1766,9
1767,8
1768,0
1769,8
1770,8
1771,8
1772,8
1773,15
1774,0
1775,3
1776,0
1777,8
1778,3
1779,0
1780,9
1781,0
1782,8
1783,0
1784,3
1785,8
1786,8
1787,8
1788,8
1789,0
1790,0
1791,8
1792,8
1793,1
1794,4
1795,4
1796,0
1797,8
1798,4
1799,2
1800,8
1801,0
1802,8
1803,8
1804,8
1805,17
1806,4
1807,8
1808,8
1809,2
1810,9
1811,9
1812,8
1813,8
1814,0
1815,8
1816,3
1817,2
1818,8
1819,8
1820,4
1821,1
1822,0
1823,0
1824,0
1825,8
1826,8
1827,8
1828,8
1829,8
1830,0
1831,0
1832,8
1833,0
1834,0
1835,8
1836,4
1837,4
1838,16
1839,8
1840,8
1841,3
1842,8
1843,8
1844,8
1845,0
1846,0
1847,8
1848,8
1849,4
1850,3
1851,0
1852,8
1853,15
1854,9
1855,4
1856,8
1857,8
1858,8
1859,9
1860,8
1861,9
1862,0
1863,8
1864,9
1865,8
1866,8
1867,7
1868,8
1869,8
1870,8
1871,0
1872,8
1873,8
1874,8
1875,8
1876,8
1877,0
1878,8
1879,8
1880,0
1881,8
1882,8
1883,0
1884,0
1885,8
1886,8
1887,0
1888,8
1889,3
1890,0
1891,4
1892,8
1893,8
1894,8
1895,8
1896,5
1897,8
1898,3
1899,8
1900,0
1901,8
1902,10
1903,8
1904,8
1905,8
1906,8
1907,8
1908,8
1909,0
1910,8
1911,10
1912,8
1913,8
1914,8
1915,8
1916,8
1917,0
1918,8
1919,8
1920,8
1921,8
1922,8
1923,8
1924,9
1925,8
1926,8
1927,0
1928,0
1929,8
1930,8
1931,8
1932,8
1933,8
1934,8
1935,8
1936,8
1937,8
1938,8
1939,8
1940,8
1941,8
1942,8
1943,8
1944,8
1945,8
1946,8
1947,8
1948,4
1949,0
1950,9
1951,9
1952,8
1953,20
1954,20
1955,20
1956,20
1957,0
1958,8
1959,8
1960,8
1961,8
1962,8
1963,0
1964,8
1965,8
1966,9
1967,19
1968,8
1969,3
1970,9
1971,8
1972,0
1973,8
1974,8
1975,8
1976,8
1977,12
1978,0
1979,8
1980,0
1981,3
1982,8
1983,9
1984,4
1985,8
1986,8
1987,8
1988,8
1989,8
1990,3
1991,0
1992,8
1993,8
1994,8
1995,8
1996,9
1997,8
1998,7
1999,9
2000,8
2001,8
2002,20
2003,20
2004,6
2005,8
2006,20
2007,8
2008,20
2009,20
2010,0
2011,9
2012,3
2013,0
2014,0
2015,0
2016,0
2017,8
2018,8
2019,8
2020,8
2021,8
2022,0
2023,4
2024,8
2025,8
2026,8
2027,8
2028,8
2029,0
2030,8
2031,8
2032,8
2033,19
2034,9
2035,8
2036,7
2037,8
2038,4
2039,7
2040,8
2041,8
2042,8
2043,3
2044,8
2045,8
2046,8
2047,8
2048,4
2049,1
2050,8
2051,19
2052,8
2053,20
2054,8
2055,8
2056,8
2057,7
2058,0
2059,8
2060,16
2061,0
2062,8
2063,0
2064,8
2065,0
2066,0
2067,8
2068,8
2069,8
2070,8
2071,8
2072,8
2073,3
2074,3
2075,20
2076,5
2077,0
2078,8
2079,0
2080,8
2081,20
2082,8
2083,3
2084,8
2085,8
2086,9
2087,3
2088,8
2089,8
2090,3
2091,8
2092,3
2093,3
2094,3
2095,3
2096,8
2097,0
2098,0
2099,0
2100,0
2101,0
2102,0
2103,0
2104,0
2105,0
2106,9
2107,9
2108,9
2109,9
2110,8
2111,8
2112,9
2113,2
2114,3
2115,0
2116,8
2117,3
2118,0
2119,8
2120,9
2121,8
2122,8
2123,0
2124,9
2125,8
2126,8
2127,20
2128,20
2129,20
2130,8
2131,3
2132,0
2133,8
2134,3
2135,3
2136,0
2137,8
2138,3
2139,16
2140,16
2141,6
2142,0
2143,8
2144,7
2145,7
2146,8
2147,0
2148,8
2149,11
2150,8
2151,8
2152,20
2153,8
2154,16
2155,16
2156,16
2157,20
2158,8
2159,7
2160,0
2161,8
2162,3
2163,8
2164,8
2165,8
2166,8
2167,20
2168,7
2169,20
2170,20
2171,4
2172,7
2173,8
2174,8
2175,8
2176,8
2177,20
2178,20
2179,20
2180,8
2181,0
2182,9
2183,9
2184,9
2185,8
2186,8
2187,0
2188,0
2189,8
2190,3
2191,3
2192,20
2193,20
2194,20
2195,3
2196,3
2197,3
2198,9
2199,4
2200,8
2201,0
2202,8
2203,9
2204,9
2205,0
2206,3
2207,8
2208,20
2209,8
2210,20
2211,9
2212,8
2213,8
2214,8
2215,0
2216,8
2217,8
2218,8
2219,0
2220,8
2221,8
2222,3
2223,3
2224,3
2225,8
2226,8
2227,20
2228,8
2229,20
2230,20
2231,8
2232,8
2233,20
2234,8
2235,8
2236,8
2237,8
2238,8
2239,20
2240,8
2241,8
2242,20
2243,0
2244,0
2245,8
2246,0
2247,0
2248,0
2249,9
2250,8
2251,3
2252,8
2253,9
2254,8
2255,8
2256,8
2257,0
2258,8
2259,8
2260,9
2261,8
2262,3
2263,8
2264,8
2265,0
2266,3
2267,0
2268,0
2269,0
2270,8
2271,4
2272,8
2273,8
2274,8
2275,0
2276,8
2277,8
2278,9
2279,8
2280,3
2281,9
2282,8
2283,8
2284,8
2285,8
2286,9
2287,4
2288,3
2289,8
2290,8
2291,8
2292,8
2293,8
2294,20
2295,20
2296,20
2297,9
2298,0
2299,0
2300,8
2301,8
2302,8
2303,8
2304,0
2305,4
2306,8
2307,9
2308,8
2309,8
2310,3
2311,0
2312,8
2313,8
2314,0
2315,8
2316,8
2317,8
2318,20
2319,20
2320,8
2321,8
2322,8
2323,8
2324,8
2325,8
2326,20
2327,9
2328,20
2329,8
2330,3
2331,3
2332,8
2333,8
2334,4
2335,4
2336,8
2337,9
2338,2
2339,8
2340,4
2341,8
2342,4
2343,8
2344,4
2345,4
2346,3
2347,0
2348,8
2349,4
2350,7
2351,8
2352,8
2353,9
2354,3
2355,4
2356,3
2357,9
2358,3
2359,3
2360,3
2361,8
2362,3
2363,4
2364,3
2365,8
2366,3
2367,8
2368,0
2369,0
2370,0
2371,0
2372,4
2373,8
2374,20
2375,0
2376,20
2377,3
2378,8
2379,0
2380,4
2381,8
2382,5
2383,8
2384,8
2385,8
2386,8
2387,8
2388,8
2389,0
2390,8
2391,9
2392,8
2393,0
2394,8
2395,8
2396,4
2397,9
2398,8
2399,3
2400,8
2401,9
2402,8
2403,8
2404,3
2405,0
2406,0
2407,8
2408,0
2409,4
2410,4
2411,8
2412,8
2413,8
2414,8
2415,8
2416,8
2417,8
2418,8
2419,8
2420,8
2421,8
2422,8
2423,8
2424,8
2425,8
2426,8
2427,1
2428,8
2429,8
2430,8
2431,3
2432,3
2433,3
2434,3
2435,3
2436,3
2437,7
2438,8
2439,3
2440,3
2441,3
2442,3
2443,3
2444,7
2445,3
2446,7
2447,3
2448,3
2449,7
2450,3
2451,3
2452,7
2453,3
2454,3
2455,3
2456,9
2457,9
2458,0
2459,8
2460,8
2461,0
2462,3
2463,9
2464,0
2465,0
2466,8
2467,0
2468,9
2469,0
2470,0
2471,0
2472,0
2473,0
2474,0
2475,0
2476,9
2477,8
2478,12
2479,0
2480,8
2481,8
2482,8
2483,8
2484,8
2485,8
2486,9
2487,8
2488,4
2489,3
2490,8
2491,0
2492,3
2493,8
2494,9
2495,0
2496,8
2497,8
2498,8
2499,0
2500,8
2501,8
2502,8
2503,8
2504,8
2505,9
2506,8
2507,0
2508,8
2509,8
2510,8
2511,8
2512,8
2513,8
2514,8
2515,9
2516,8
2517,8
2518,0
2519,0
2520,0
2521,8
2522,3
2523,3
2524,4
2525,8
2526,4
2527,8
2528,2
2529,8
2530,8
2531,8
2532,0
2533,4
2534,4
2535,8
2536,0
2537,8
2538,7
2539,8
2540,8
2541,8
2542,9
2543,0
2544,8
2545,8
2546,8
2547,8
2548,8
2549,0
2550,5
2551,0
2552,3
2553,8
2554,8
2555,8
2556,0
2557,4
2558,3
2559,8
2560,0
2561,8
2562,8
2563,8
2564,0
2565,8
2566,0
2567,20
2568,8
2569,8
2570,4
2571,4
2572,8
2573,8
2574,8
2575,3
2576,0
2577,3
2578,4
2579,3
2580,8
2581,9
2582,9
2583,3
2584,3
2585,0
2586,0
2587,0
2588,20
2589,8
2590,9
2591,3
2592,3
2593,3
2594,8
2595,3
2596,3
2597,8
2598,8
2599,8
2600,8
2601,8
2602,8
2603,8
2604,8
2605,3
2606,8
2607,9
2608,20
2609,3
2610,0
2611,3
2612,8
2613,8
2614,20
2615,8
2616,8
2617,8
2618,8
2619,20
2620,8
2621,8
2622,8
2623,8
2624,20
2625,8
2626,20
2627,20
2628,8
2629,20
2630,7
2631,0
2632,3
2633,9
2634,0
2635,9
2636,0
2637,3
2638,8
2639,9
2640,20
2641,3
2642,20
2643,8
2644,5
2645,0
2646,0
2647,0
2648,8
2649,8
2650,8
2651,9
2652,8
2653,8
2654,3
2655,4
2656,8
2657,9
2658,8
2659,4
2660,8
2661,9
2662,4
2663,4
2664,4
2665,8
2666,8
2667,8
2668,8
2669,0
2670,8
2671,20
2672,8
2673,8
2674,8
2675,8
2676,9
2677,20
2678,15
2679,20
2680,0
2681,8
2682,8
2683,17
2684,0
2685,8
2686,8
2687,9
2688,20
2689,20
2690,20
2691,20
2692,18
2693,20
2694,0
2695,3
2696,8
2697,4
2698,5
2699,3
2700,8
2701,0
2702,8
2703,8
2704,3
2705,7
2706,4
2707,7
2708,0
2709,8
2710,0
2711,4
2712,20
2713,8
2714,9
2715,9
2716,8
2717,8
2718,20
2719,20
2720,8
2721,9
2722,6
2723,4
2724,4
2725,4
2726,0
2727,8
2728,11
2729,8
2730,8
2731,8
2732,9
2733,8
2734,8
2735,4
2736,3
2737,8
2738,8
2739,0
2740,0
2741,0
2742,0
2743,8
2744,0
2745,8
2746,9
2747,0
2748,8
2749,9
2750,0
2751,8
2752,3
2753,3
2754,3
2755,20
2756,0
2757,0
2758,9
2759,3
2760,8
2761,9
2762,7
2763,0
2764,20
2765,20
2766,20
2767,8
2768,12
2769,8
2770,8
2771,8
2772,8
2773,0
2774,0
2775,3
2776,20
2777,20
2778,0
2779,8
2780,20
2781,0
2782,0
2783,0
2784,0
2785,0
2786,9
2787,7
2788,3
2789,8
2790,9
2791,9
2792,2
2793,0
2794,10
2795,8
2796,9
2797,8
2798,8
2799,10
2800,1
2801,9
2802,8
2803,19
2804,8
2805,20
2806,9
2807,8
2808,0
2809,8
2810,0
2811,8
2812,0
2813,20
2814,20
2815,20
2816,8
2817,8
2818,12
2819,9
2820,8
2821,8
2822,8
2823,8
2824,8
2825,8
2826,8
2827,0
2828,8
2829,8
2830,12
2831,3
2832,0
2833,9
2834,8
2835,8
2836,7
2837,8
2838,0
2839,3
2840,0
2841,8
2842,8
2843,8
2844,0
2845,9
2846,20
2847,3
2848,8
2849,8
2850,8
2851,2
2852,20
2853,8
2854,0
2855,3
2856,0
2857,8
2858,8
2859,8
2860,3
2861,4
2862,2
2863,8
2864,0
2865,4
2866,8
2867,3
2868,7
2869,8
2870,8
2871,13
2872,19
2873,9
2874,8
2875,8
2876,1
2877,3
2878,8
2879,15
2880,8
2881,8
2882,8
2883,8
2884,8
2885,8
2886,8
2887,9
2888,3
2889,0
2890,8
2891,8
2892,0
2893,8
2894,8
2895,5
2896,9
2897,0
2898,20
2899,0
2900,2
2901,0
2902,8
2903,16
2904,13
2905,13
2906,8
2907,8
2908,8
2909,2
2910,0
2911,0
2912,3
2913,8
2914,8
2915,8
2916,8
2917,8
2918,8
2919,8
2920,8
2921,8
2922,8
2923,8
2924,20
2925,2
2926,0
2927,9
2928,8
2929,5
2930,8
2931,7
2932,3
2933,10
2934,0
2935,20
2936,6
2937,20
2938,8
2939,8
2940,20
2941,0
2942,5
2943,8
2944,8
2945,8
2946,8
2947,4
2948,8
2949,9
2950,8
2951,20
2952,0
2953,15
2954,0
2955,8
2956,8
2957,8
2958,20
2959,4
2960,7
2961,0
2962,8
2963,0
2964,8
2965,0
2966,0
2967,8
2968,7
2969,9
2970,0
2971,8
2972,8
2973,0
2974,0
2975,8
2976,8
2977,10
2978,0
2979,3
2980,8
2981,20
2982,20
2983,8
2984,8
2985,3
2986,20
2987,8
2988,20
2989,20
2990,8
2991,8
2992,8
2993,9
2994,8
2995,20
2996,4
2997,4
2998,0
2999,0
3000,8
3001,0
3002,20
3003,8
3004,0
3005,8
3006,20
3007,8
3008,8
3009,8
3010,8
3011,4
3012,8
3013,20
3014,4
3015,8
3016,8
3017,16
3018,8
3019,8
3020,0
3021,2
3022,3
3023,5
3024,3
3025,8
3026,12
3027,20
3028,20
3029,8
3030,8
3031,9
3032,0
3033,9
3034,3
3035,20
3036,20
3037,9
3038,8
3039,4
3040,9
3041,3
3042,3
3043,4
3044,2
3045,8
3046,4
3047,3
3048,9
3049,4
3050,4
3051,9
3052,1
3053,8
3054,8
3055,16
3056,8
3057,8
3058,0
3059,8
3060,8
3061,8
3062,9
3063,9
3064,8
3065,8
3066,8
3067,3
3068,7
3069,8
3070,0
3071,3
3072,8
3073,3
3074,9
3075,0
3076,15
3077,8
3078,8
3079,0
3080,0
3081,8
3082,8
3083,8
3084,0
3085,8
3086,8
3087,8
3088,1
3089,0
3090,0
3091,3
3092,8
3093,20
3094,20
3095,20
3096,20
3097,8
3098,0
3099,9
3100,16
3101,20
3102,20
3103,20
3104,8
3105,20
3106,20
3107,20
3108,8
3109,8
3110,8
3111,0
3112,9
3113,20
3114,0
3115,20
3116,20
3117,4
3118,20
3119,20
3120,0
3121,20
3122,20
3123,20
3124,10
3125,20
3126,20
3127,8
3128,16
3129,3
3130,3
3131,0
3132,8
3133,8
3134,9
3135,3
3136,8
3137,20
3138,0
3139,20
3140,20
3141,20
3142,8
3143,6
3144,8
3145,8
3146,0
3147,0
3148,0
3149,0
3150,0
3151,9
3152,0
3153,0
3154,0
3155,0
3156,9
3157,0
3158,0
3159,0
3160,5
3161,8
3162,8
3163,8
3164,9
3165,8
3166,8
3167,3
3168,0
3169,0
3170,8
3171,20
3172,8
3173,3
3174,8
3175,2
3176,20
3177,0
3178,3
3179,20
3180,0
3181,10
3182,8
3183,8
3184,8
3185,8
3186,8
3187,8
3188,8
3189,5
3190,0
3191,9
3192,0
3193,8
3194,8
3195,9
3196,8
3197,0
3198,0
3199,8
3200,8
3201,0
3202,0
3203,8
3204,0
3205,8
3206,8
3207,0
3208,8
3209,20
3210,6
3211,9
3212,8
3213,8
3214,8
3215,8
3216,8
3217,17
3218,8
3219,8
3220,3
3221,9
3222,8
3223,8
3224,20
3225,8
3226,16
3227,8
3228,0
3229,5
3230,7
3231,9
3232,8
3233,8
3234,3
3235,20
3236,20
3237,9
3238,4
3239,0
3240,8
3241,3
3242,3
3243,1
3244,8
3245,8
3246,8
3247,4
3248,8
3249,3
3250,8
3251,7
3252,3
3253,8
3254,8
3255,3
3256,3
3257,0
3258,0
3259,0
3260,8
3261,0
3262,0
3263,8
3264,2
3265,8
3266,8
3267,0
3268,0
3269,0
3270,0
3271,0
3272,9
3273,12
3274,20
3275,20
3276,8
3277,4
3278,16
3279,6
3280,8
3281,3
3282,4
3283,8
3284,3
3285,3
3286,3
3287,3
3288,7
3289,0
3290,2
3291,2
3292,4
3293,8
3294,2
3295,3
3296,9
3297,20
3298,8
3299,20
3300,0
3301,8
3302,4
3303,8
3304,20
3305,3
3306,8
3307,3
3308,8
3309,8
3310,8
3311,0
3312,8
3313,3
3314,8
3315,0
3316,8
3317,8
3318,7
3319,0
3320,8
3321,0
3322,4
3323,3
3324,8
3325,8
3326,8
3327,8
3328,8
3329,8
3330,9
3331,12
3332,3
3333,8
3334,8
3335,8
3336,3
3337,8
3338,8
3339,8
3340,8
3341,2
3342,8
3343,0
3344,8
3345,3
3346,4
3347,20
3348,9
3349,2
3350,20
3351,20
3352,3
3353,0
3354,0
3355,20
3356,3
3357,8
3358,3
3359,16
3360,8
3361,0
3362,20
3363,20
3364,0
3365,8
3366,3
3367,8
3368,8
3369,8
3370,20
3371,8
3372,8
3373,20
3374,8
3375,0
3376,8
3377,6
3378,8
3379,8
3380,0
3381,3
3382,9
3383,8
3384,20
3385,8
3386,20
3387,8
3388,8
3389,8
3390,8
3391,8
3392,20
3393,20
3394,8
3395,20
3396,8
3397,8
3398,9
3399,8
3400,8
3401,0
3402,0
3403,8
3404,3
3405,0
3406,20
3407,0
3408,8
3409,0
3410,8
3411,4
3412,8
3413,20
3414,20
3415,20
3416,20
3417,8
3418,3
3419,3
3420,7
3421,20
3422,16
3423,7
3424,20
3425,8
3426,8
3427,20
3428,8
3429,8
3430,8
3431,0
3432,0
3433,9
3434,20
3435,19
3436,7
3437,3
3438,8
3439,0
3440,20
3441,8
3442,0
3443,9
3444,20
3445,2
3446,0
3447,0
3448,0
3449,8
3450,3
3451,7
3452,0
3453,0
3454,8
3455,8
3456,8
3457,8
3458,0
3459,4
3460,3
3461,3
3462,8
3463,0
3464,3
3465,8
3466,8
3467,9
3468,9
3469,8
3470,8
3471,3
3472,0
3473,8
3474,8
3475,4
3476,0
3477,8
3478,7
3479,8
3480,8
3481,0
3482,0
3483,17
3484,0
3485,8
3486,1
3487,1
3488,8
3489,8
3490,8
3491,8
3492,8
3493,0
3494,0
3495,8
3496,8
3497,0
3498,0
3499,8
3500,8
3501,0
3502,9
3503,8
3504,8
3505,4
3506,0
3507,9
3508,3
3509,7
3510,8
3511,8
3512,0
3513,0
3514,0
3515,8
3516,8
3517,8
3518,9
3519,0
3520,9
3521,9
3522,9
3523,8
3524,8
3525,0
3526,20
3527,4
3528,9
3529,0
3530,0
3531,8
3532,8
3533,4
3534,8
3535,3
3536,0
3537,8
3538,8
3539,3
3540,8
3541,8
3542,8
3543,8
3544,5
3545,8
3546,0
3547,8
3548,4
3549,0
3550,8
3551,9
3552,1
3553,8
3554,4
3555,2
3556,0
3557,0
3558,0
3559,3
3560,2
3561,8
3562,9
3563,8
3564,0
3565,8
3566,8
3567,0
3568,0
3569,9
3570,12
3571,20
3572,7
3573,20
3574,0
3575,8
3576,8
3577,0
3578,8
3579,8
3580,8
3581,8
3582,4
3583,3
3584,8
3585,16
3586,9
3587,8
3588,8
3589,0
3590,20
3591,8
3592,8
3593,9
3594,20
3595,20
3596,8
3597,0
3598,0
3599,8
3600,8
3601,6
3602,9
3603,8
3604,8
3605,8
3606,8
3607,8
3608,3
3609,3
3610,9
3611,8
3612,3
3613,3
3614,8
3615,8
3616,7
3617,8
3618,20
3619,8
3620,0
3621,3
3622,0
3623,8
3624,8
3625,9
3626,8
3627,9
3628,0
3629,0
3630,0
3631,0
3632,8
3633,8
3634,8
3635,3
3636,8
3637,8
3638,8
3639,8
3640,3
3641,8
3642,8
3643,0
3644,20
3645,8
3646,8
3647,9
3648,8
3649,8
3650,9
3651,18
3652,1
3653,3
3654,8
3655,20
3656,8
3657,3
3658,4
3659,4
3660,4
3661,0
3662,8
3663,8
3664,8
3665,20
3666,8
3667,20
3668,8
3669,20
3670,8
3671,20
3672,8
3673,8
3674,8
3675,0
3676,0
3677,9
3678,8
3679,8
3680,3
3681,3
3682,4
3683,3
3684,8
3685,8
3686,8
3687,0
3688,8
3689,0
3690,8
3691,9
3692,8
3693,0
3694,20
3695,8
3696,8
3697,8
3698,0
3699,8
3700,3
3701,8
3702,9
3703,20
3704,16
3705,8
3706,20
3707,8
3708,8
3709,8
3710,8
3711,0
3712,8
3713,0
3714,8
3715,8
3716,0
3717,0
3718,3
3719,8
3720,20
3721,8
3722,8
3723,8
3724,3
3725,8
3726,20
3727,20
3728,8
3729,8
3730,8
3731,20
3732,20
3733,8
3734,3
3735,8
3736,8
3737,0
3738,4
3739,8
3740,15
3741,8
3742,10
3743,8
3744,8
3745,0
3746,3
3747,20
3748,0
3749,8
3750,9
3751,8
3752,0
3753,8
3754,3
3755,0
3756,20
3757,8
3758,8
3759,8
3760,7
3761,7
3762,8
3763,8
3764,0
3765,20
3766,0
3767,8
3768,20
3769,8
3770,20
3771,8
3772,8
3773,8
3774,8
3775,8
3776,8
3777,20
3778,4
3779,8
3780,8
3781,0
3782,4
3783,9
3784,4
3785,0
3786,3
3787,8
3788,20
3789,8
3790,8
3791,8
3792,9
3793,9
3794,9
3795,4
3796,4
3797,8
3798,8
3799,20
3800,0
3801,9
3802,8
3803,20
3804,8
3805,9
3806,8
3807,4
3808,8
3809,3
3810,3
3811,3
3812,3
3813,3
3814,20
3815,8
3816,3
3817,20
3818,20
3819,8
3820,3
3821,0
3822,0
3823,9
3824,20
3825,19
3826,8
3827,20
3828,20
3829,5
3830,20
3831,20
3832,21
3833,16
3834,20
3835,8
3836,8
3837,20
3838,20
3839,8
3840,0
3841,20
3842,20
3843,20
3844,20
3845,20
3846,8
3847,8
3848,8
3849,8
3850,8
3851,8
3852,8
3853,20
3854,8
3855,9
3856,3
3857,0
3858,8
3859,3
3860,8
3861,8
3862,16
3863,0
3864,0
3865,8
3866,8
3867,8
3868,8
3869,3
3870,3
3871,8
3872,3
3873,0
3874,8
3875,8
3876,9
3877,0
3878,0
3879,8
3880,9
3881,9
3882,0
3883,8
3884,0
3885,8
3886,3
3887,8
3888,3
3889,8
3890,3
3891,9
3892,0
3893,0
3894,5
3895,0
3896,8
3897,0
3898,17
3899,8
3900,9
3901,8
3902,8
3903,3
3904,3
3905,8
3906,8
3907,8
3908,8
3909,8
3910,0
3911,0
3912,8
3913,0
3914,3
3915,8
3916,8
3917,9
3918,8
3919,8
3920,0
3921,8
3922,8
3923,0
3924,12
3925,8
3926,8
3927,8
3928,8
3929,8
3930,8
3931,0
3932,0
3933,8
3934,8
3935,9
3936,9
3937,8
3938,0
3939,8
3940,0
3941,0
3942,0
3943,8
3944,5
3945,8
3946,3
3947,19
3948,5
3949,8
3950,0
3951,3
3952,3
3953,8
3954,4
3955,8
3956,3
3957,0
3958,8
3959,8
3960,9
3961,0
3962,8
3963,7
3964,9
3965,3
3966,2
3967,9
3968,2
3969,8
3970,8
3971,9
3972,0
3973,8
3974,9
3975,8
3976,0
3977,8
3978,8
3979,4
3980,0
3981,8
3982,3
3983,20
3984,8
3985,9
3986,0
3987,0
3988,8
3989,8
3990,8
3991,20
3992,5
3993,0
3994,8
3995,0
3996,20
3997,8
3998,8
3999,8
4000,20
4001,7
4002,3
4003,8
4004,8
4005,3
4006,7
4007,0
4008,0
4009,8
4010,8
4011,8
4012,8
4013,8
4014,20
4015,8
4016,8
4017,8
4018,0
4019,0
4020,8
4021,8
4022,0
4023,0
4024,8
4025,0
4026,8
4027,8
4028,8
4029,0
4030,8
4031,8
4032,8
4033,8
4034,8
4035,8
4036,8
4037,8
4038,0
4039,3
4040,12
4041,8
4042,8
4043,9
4044,8
4045,0
4046,3
4047,0
4048,3
4049,8
4050,8
4051,8
4052,0
4053,0
4054,8
4055,20
4056,8
4057,8
4058,8
4059,8
4060,9
4061,8
4062,0
4063,0
4064,0
4065,8
4066,8
4067,4
4068,8
4069,9
4070,8
4071,8
4072,3
4073,0
4074,0
4075,8
4076,3
4077,8
4078,8
4079,20
4080,8
4081,20
4082,8
4083,0
4084,8
4085,3
4086,3
4087,8
4088,8
4089,8
4090,8
4091,8
4092,8
4093,9
4094,0
4095,0
4096,1
4097,0
4098,8
4099,14
4100,9
4101,8
4102,0
4103,8
4104,20
4105,8
4106,8
4107,9
4108,8
4109,20
4110,8
4111,8
4112,8
4113,8
4114,8
4115,8
4116,8
4117,8
4118,4
4119,8
4120,8
4121,20
4122,8
4123,8
4124,0
4125,10
4126,9
4127,8
4128,8
4129,8
4130,0
4131,9
4132,8
4133,8
4134,8
4135,8
4136,8
4137,8
4138,8
4139,8
4140,8
4141,8
4142,8
4143,8
4144,0
4145,8
4146,8
4147,4
4148,0
4149,8
4150,8
4151,4
4152,0
4153,0
4154,8
4155,8
4156,8
4157,20
4158,0
4159,9
4160,9
4161,3
4162,8
4163,3
4164,3
4165,8
4166,8
4167,8
4168,20
4169,8
4170,8
4171,8
4172,8
4173,20
4174,8
4175,0
4176,8
4177,8
4178,8
4179,8
4180,8
4181,8
4182,8
4183,8
4184,8
4185,8
4186,8
4187,8
4188,8
4189,8
4190,8
4191,8
4192,8
4193,8
4194,8
4195,8
4196,8
4197,8
4198,20
4199,8
4200,8
4201,8
4202,8
4203,8
4204,8
4205,8
4206,8
4207,8
4208,8
4209,8
4210,8
4211,8
4212,8
4213,9
4214,3
4215,8
4216,8
4217,8
4218,8
4219,8
4220,8
4221,8
4222,8
4223,8
4224,20
4225,8
4226,8
4227,8
4228,8
4229,20
4230,15
4231,0
4232,8
4233,2
4234,1
4235,4
4236,7
4237,0
4238,4
4239,8
4240,8
4241,8
4242,8
4243,8
4244,8
4245,8
4246,8
4247,3
4248,6
4249,8
4250,8
4251,8
4252,8
4253,8
4254,8
4255,8
4256,8
4257,8
4258,8
4259,3
4260,12
4261,8
4262,9
4263,9
4264,1
4265,0
4266,8
4267,20
4268,8
4269,8
4270,8
4271,8
4272,0
4273,8
4274,8
4275,8
4276,8
4277,8
4278,8
4279,8
4280,8
4281,8
4282,0
4283,8
4284,8
4285,8
4286,8
4287,8
4288,8
4289,0
4290,0
4291,8
4292,0
4293,9
4294,9
4295,20
4296,19
4297,0
4298,3
4299,8
4300,7
4301,8
4302,8
4303,8
4304,8
4305,0
4306,0
4307,0
4308,0
4309,7
4310,8
4311,12
4312,8
4313,8
4314,9
4315,8
4316,8
4317,8
4318,4
4319,0
4320,8
4321,8
4322,3
4323,0
4324,7
4325,0
4326,0
4327,8
4328,2
4329,9
4330,8
4331,0
4332,0
4333,0
4334,0
4335,0
4336,0
4337,9
4338,8
4339,8
4340,8
4341,9
4342,8
4343,8
4344,0
4345,20
4346,8
4347,8
4348,8
4349,19
4350,8
4351,3
4352,8
4353,9
4354,8
4355,8
4356,4
4357,4
4358,8
4359,8
4360,8
4361,8
4362,4
4363,8
4364,8
4365,9
4366,8
4367,8
4368,8
4369,3
4370,8
4371,8
4372,3
4373,1
4374,8
4375,0
4376,4
4377,3
4378,8
4379,8
4380,8
4381,9
4382,8
4383,9
4384,9
4385,8
4386,3
4387,8
4388,8
4389,9
4390,8
4391,8
4392,4
4393,8
4394,8
4395,8
4396,8
4397,8
4398,8
4399,8
4400,0
4401,7
4402,8
4403,3
4404,7
4405,8
4406,20
4407,0
4408,8
4409,9
4410,9
4411,0
4412,9
4413,0
4414,8
4415,8
4416,0
4417,2
4418,20
4419,4
4420,0
4421,8
4422,8
4423,8
4424,4
4425,8
4426,8
4427,8
4428,9
4429,8
4430,0
4431,8
4432,9
4433,7
4434,3
4435,8
4436,9
4437,8
4438,8
4439,8
4440,2
4441,8
4442,0
4443,8
4444,9
4445,8
4446,8
4447,8
4448,8
4449,9
4450,9
4451,8
4452,4
4453,8
4454,9
4455,9
4456,8
4457,20
4458,20
4459,8
4460,9
4461,4
4462,8
4463,8
4464,8
4465,8
4466,8
4467,9
4468,17
4469,8
4470,0
4471,3
4472,3
4473,3
4474,8
4475,0
4476,4
4477,4
4478,9
4479,8
4480,0
4481,3
4482,0
4483,8
4484,8
4485,7
4486,8
4487,8
4488,8
4489,8
4490,17
4491,8
4492,8
4493,3
4494,9
4495,0
4496,8
4497,8
4498,1
4499,0
4500,8
4501,8
4502,7
4503,20
4504,8
4505,9
4506,8
4507,0
4508,8
4509,8
4510,8
4511,9
4512,8
4513,8
4514,8
4515,3
4516,4
4517,8
4518,8
4519,7
4520,16
4521,8
4522,8
4523,3
4524,16
4525,8
4526,8
4527,2
4528,20
4529,9
4530,0
4531,8
4532,0
4533,8
4534,9
4535,8
4536,8
4537,8
4538,9
4539,0
4540,8
4541,0
4542,0
4543,7
4544,8
4545,8
4546,8
4547,0
4548,8
4549,0
4550,10
4551,9
4552,4
4553,8
4554,8
4555,8
4556,8
4557,5
4558,0
4559,0
4560,8
4561,8
4562,0
4563,0
4564,8
4565,8
4566,7
4567,2
4568,8
4569,4
4570,8
4571,8
4572,8
4573,8
4574,8
4575,8
4576,8
4577,8
4578,4
4579,8
4580,8
4581,8
4582,8
4583,3
4584,8
4585,8
4586,3
4587,8
4588,0
4589,0
4590,8
4591,8
4592,2
4593,8
4594,8
4595,8
4596,16
4597,8
4598,8
4599,8
4600,8
4601,0
4602,8
4603,4
4604,8
4605,0
4606,8
4607,9
4608,0
4609,9
4610,8
4611,8
4612,8
4613,8
4614,9
4615,8
4616,8
4617,3
4618,9
4619,8
4620,8
4621,20
4622,8
4623,15
4624,4
4625,13
4626,8
4627,8
4628,3
4629,8
4630,8
4631,15
4632,8
4633,8
4634,8
4635,9
4636,0
4637,0
4638,9
4639,8
4640,0
4641,8
4642,8
4643,8
4644,8
4645,8
4646,8
4647,10
4648,3
4649,0
4650,8
4651,8
4652,8
4653,0
4654,8
4655,0
4656,8
4657,8
4658,8
4659,3
4660,0
4661,0
4662,8
4663,0
4664,5
4665,8
4666,9
4667,4
4668,9
4669,9
4670,8
4671,8
4672,8
4673,8
4674,8
4675,0
4676,8
4677,0
4678,8
4679,1
4680,0
4681,8
4682,8
4683,8
4684,8
4685,8
4686,20
4687,20
4688,8
4689,20
4690,8
4691,8
4692,3
4693,8
4694,0
4695,0
4696,8
4697,0
4698,9
4699,9
4700,9
4701,0
4702,8
4703,8
4704,8
4705,9
4706,4
4707,8
4708,8
4709,4
4710,2
4711,2
4712,8
4713,8
4714,8
4715,0
4716,0
4717,8
4718,8
4719,0
4720,8
4721,8
4722,8
4723,8
4724,8
4725,8
4726,3
4727,0
4728,0
4729,4
4730,8
4731,9
4732,4
4733,0
4734,10
4735,0
4736,9
4737,8
4738,8
4739,9
4740,9
4741,8
4742,8
4743,2
4744,8
4745,0
4746,8
4747,8
4748,7
4749,9
4750,0
4751,0
4752,6
4753,6
4754,0
4755,3
4756,8
4757,0
4758,9
4759,3
4760,0
4761,9
4762,8
4763,12
4764,3
4765,8
4766,3
4767,3
4768,0
4769,3
4770,0
4771,3
4772,3
4773,8
4774,8
4775,15
4776,9
4777,8
4778,0
4779,9
4780,0
4781,0
4782,3
4783,8
4784,0
4785,9
4786,9
4787,7
4788,9
4789,8
4790,8
4791,20
4792,8
4793,20
4794,0
4795,8
4796,3
4797,8
4798,8
4799,8
4800,20
4801,8
4802,9
4803,3
4804,9
4805,0
4806,0
4807,0
4808,0
4809,5
4810,3
4811,8
4812,17
4813,4
4814,7
4815,8
4816,2
4817,0
4818,8
4819,8
4820,8
4821,8
4822,3
4823,15
4824,5
4825,9
4826,8
4827,8
4828,8
4829,3
4830,8
4831,8
4832,0
4833,9
4834,3
4835,4
4836,3
4837,8
4838,9
4839,8
4840,10
4841,8
4842,10
4843,8
4844,0
4845,8
4846,8
4847,9
4848,9
4849,9
4850,4
4851,9
4852,9
4853,8
4854,8
4855,8
4856,8
4857,8
4858,8
4859,8
4860,8
4861,9
4862,8
4863,7
4864,8
4865,9
4866,8
4867,3
4868,8
4869,8
4870,8
4871,9
4872,3
4873,8
4874,2
4875,8
4876,9
4877,8
4878,0
4879,0
4880,8
4881,8
4882,0
4883,8
4884,8
4885,7
4886,0
4887,8
4888,0
4889,8
4890,8
4891,8
4892,8
4893,2
4894,8
4895,8
4896,8
4897,8
4898,9
4899,8
4900,8
4901,12
4902,0
4903,9
4904,9
4905,0
4906,8
4907,8
4908,1
4909,6
4910,8
4911,8
4912,8
4913,8
4914,8
4915,8
4916,8
4917,9
4918,0
4919,8
4920,8
4921,3
4922,0
4923,8
4924,8
4925,15
4926,9
4927,7
4928,8
4929,8
4930,3
4931,8
4932,9
4933,1
4934,8
4935,8
4936,8
4937,8
4938,8
4939,8
4940,8
4941,8
4942,0
4943,15
4944,8
4945,8
4946,3
4947,0
4948,3
4949,8
4950,8
4951,8
4952,8
4953,8
4954,8
4955,3
4956,1
4957,8
4958,8
4959,3
4960,8
4961,7
4962,0
4963,0
4964,9
4965,0
4966,20
4967,8
4968,8
4969,0
4970,4
4971,8
4972,4
4973,8
4974,4
4975,4
4976,3
4977,8
4978,7
4979,8
4980,20
4981,8
4982,8
4983,8
4984,8
4985,8
4986,8
4987,8
4988,3
4989,0
4990,9
4991,9
4992,8
4993,8
4994,8
4995,9
4996,8
4997,8
4998,8
4999,8
5000,8
5001,8
5002,9
5003,8
5004,2
5005,9
5006,8
5007,8
5008,0
5009,8
5010,9
5011,10
5012,3
5013,3
5014,8
5015,8
5016,7
5017,3
5018,8
5019,8
5020,8
5021,8
5022,9
5023,8
5024,8
5025,15
5026,8
5027,1
5028,8
5029,8
5030,8
5031,0
5032,8
5033,8
5034,12
5035,7
5036,8
5037,8
5038,8
5039,8
5040,8
5041,7
5042,8
5043,0
5044,17
5045,8
5046,3
5047,0
5048,8
5049,8
5050,9
5051,9
5052,4
5053,8
5054,8
5055,9
5056,8
5057,8
5058,8
5059,20
5060,8
5061,4
5062,9
5063,8
5064,0
5065,8
5066,9
5067,8
5068,8
5069,8
5070,8
5071,8
5072,8
5073,20
5074,8
5075,9
5076,3
5077,8
5078,7
5079,3
5080,9
5081,9
5082,8
5083,8
5084,8
5085,8
5086,8
5087,9
5088,8
5089,8
5090,8
5091,8
5092,4
5093,16
5094,3
5095,9
5096,9
5097,8
5098,8
5099,9
5100,3
5101,1
5102,8
5103,0
5104,8
5105,0
5106,8
5107,8
5108,8
5109,8
5110,1
5111,8
5112,8
5113,7
5114,1
5115,12
5116,8
5117,8
5118,16
5119,8
5120,3
5121,8
5122,8
5123,0
5124,8
5125,8
5126,18
5127,8
5128,8
5129,0
5130,8
5131,8
5132,8
5133,8
5134,9
5135,8
5136,7
5137,8
5138,8
5139,8
5140,8
5141,9
5142,1
5143,0
5144,1
5145,8
5146,8
5147,9
5148,8
5149,3
5150,15
5151,15
5152,15
5153,9
5154,9
5155,7
5156,8
5157,15
5158,15
5159,3
5160,15
5161,8
5162,9
5163,4
5164,8
5165,2
5166,8
5167,8
5168,13
5169,3
5170,4
5171,9
5172,8
5173,8
5174,9
5175,8
5176,20
5177,8
5178,8
5179,8
5180,8
5181,8
5182,9
5183,8
5184,8
5185,8
5186,8
5187,8
5188,8
5189,8
5190,7
5191,8
5192,0
5193,9
5194,8
5195,8
5196,8
5197,8
5198,20
5199,9
5200,8
5201,8
5202,8
5203,8
5204,8
5205,0
5206,8
5207,0
5208,8
5209,8
5210,9
5211,0
5212,8
5213,0
5214,0
5215,0
5216,8
5217,3
5218,3
5219,8
5220,8
5221,3
5222,8
5223,8
5224,9
5225,3
5226,8
5227,8
5228,9
5229,3
5230,8
5231,8
5232,1
5233,8
5234,0
5235,0
5236,3
5237,3
5238,3
5239,3
5240,3
5241,12
5242,8
5243,8
5244,7
5245,0
5246,8
5247,8
5248,8
5249,3
5250,8
5251,3
5252,8
5253,3
5254,1
5255,8
5256,8
5257,8
5258,8
5259,8
5260,8
5261,8
5262,2
5263,9
5264,7
5265,3
5266,8
5267,9
5268,8
5269,8
5270,8
5271,8
5272,7
5273,9
5274,8
5275,8
5276,3
5277,7
5278,8
5279,8
5280,8
5281,8
5282,8
5283,3
5284,3
5285,9
5286,8
5287,8
5288,8
5289,0
5290,0
5291,4
5292,0
5293,0
5294,8
5295,8
5296,0
5297,8
5298,8
5299,8
5300,8
5301,8
5302,8
5303,8
5304,8
5305,8
5306,0
5307,8
5308,8
5309,8
5310,3
5311,8
5312,8
5313,8
5314,8
5315,8
5316,8
5317,8
5318,1
5319,8
5320,8
5321,8
5322,8
5323,8
5324,8
5325,8
5326,8
5327,8
5328,8
5329,8
5330,8
5331,8
5332,8
5333,8
5334,8
5335,8
5336,8
5337,8
5338,8
5339,8
5340,8
5341,8
5342,8
5343,8
5344,0
5345,8
5346,9
5347,0
5348,8
5349,3
5350,3
5351,9
5352,9
5353,8
5354,9
5355,9
5356,8
5357,4
5358,8
5359,8
5360,3
5361,8
5362,8
5363,8
5364,8
5365,0
5366,4
5367,4
5368,0
5369,8
5370,8
5371,8
5372,8
5373,8
5374,8
5375,10
5376,8
5377,9
5378,8
5379,8
5380,0
5381,8
5382,8
5383,8
5384,3
5385,8
5386,8
5387,9
5388,8
5389,8
5390,8
5391,8
5392,0
5393,9
5394,8
5395,8
5396,8
5397,8
5398,8
5399,8
5400,9
5401,2
5402,9
5403,4
5404,8
5405,9
5406,8
5407,4
5408,9
5409,9
5410,9
5411,9
5412,9
5413,8
5414,4
5415,9
5416,10
5417,2
5418,3
5419,1
5420,8
5421,10
5422,4
5423,8
5424,3
5425,8
5426,8
5427,8
5428,8
5429,8
5430,0
5431,8
5432,7
5433,0
5434,8
5435,9
5436,19
5437,8
5438,9
5439,9
5440,8
5441,8
5442,9
5443,9
5444,8
5445,20
5446,8
5447,8
5448,8
5449,8
5450,8
5451,8
5452,8
5453,8
5454,8
5455,8
5456,13
5457,8
5458,8
5459,8
5460,9
5461,10
5462,8
5463,8
5464,8
5465,8
5466,8
5467,8
5468,8
5469,8
5470,8
5471,8
5472,8
5473,8
5474,8
5475,8
5476,8
5477,3
5478,8
5479,8
5480,8
5481,8
5482,8
5483,8
5484,8
5485,8
5486,8
5487,9
5488,8
5489,8
5490,8
5491,8
5492,8
5493,8
5494,8
5495,8
5496,8
5497,8
5498,8
5499,8
5500,8
5501,8
5502,10
5503,8
5504,8
5505,8
5506,8
5507,8
5508,9
5509,8
5510,8
5511,8
5512,3
5513,8
5514,8
5515,8
5516,9
5517,8
5518,0
5519,8
5520,0
5521,8
5522,8
5523,8
5524,8
5525,8
5526,8
5527,0
5528,0
5529,9
5530,8
5531,8
5532,8
5533,9
5534,4
5535,8
5536,9
5537,8
5538,8
5539,0
5540,8
5541,8
5542,8
5543,8
5544,8
5545,0
5546,8
5547,0
5548,8
5549,8
5550,8
5551,0
5552,1
5553,8
5554,8
5555,8
5556,8
5557,8
5558,15
5559,0
5560,9
5561,8
5562,0
5563,8
5564,8
5565,8
5566,8
5567,8
5568,8
5569,8
5570,8
5571,8
5572,8
5573,8
5574,8
5575,3
5576,3
5577,8
5578,3
5579,8
5580,9
5581,8
5582,9
5583,0
5584,8
5585,8
5586,8
5587,8
5588,3
5589,8
5590,8
5591,8
5592,8
5593,9
5594,20
5595,8
5596,8
5597,8
5598,8
5599,8
5600,8
5601,8
5602,8
5603,8
5604,0
5605,8
5606,8
5607,8
5608,8
5609,8
5610,8
5611,8
5612,8
5613,8
5614,0
5615,8
5616,9
5617,8
5618,8
5619,0
5620,8
5621,8
5622,3
5623,0
5624,9
5625,0
5626,0
5627,10
5628,17
5629,8
5630,8
5631,12
5632,8
5633,0
5634,0
5635,9
5636,5
5637,8
5638,8
5639,8
5640,8
5641,8
5642,8
5643,8
5644,8
5645,8
5646,8
5647,9
5648,8
5649,8
5650,0
5651,9
5652,0
5653,8
5654,20
5655,8
5656,8
5657,9
5658,8
5659,8
5660,8
5661,8
5662,0
5663,8
5664,8
5665,8
5666,0
5667,4
5668,8
5669,20
5670,0
5671,8
5672,8
5673,8
5674,8
5675,8
5676,7
5677,8
5678,4
5679,8
5680,7
5681,8
5682,3
5683,8
5684,8
5685,8
5686,8
5687,8
5688,8
5689,3
5690,8
5691,8
5692,15
5693,8
5694,8
5695,8
5696,8
5697,8
5698,8
5699,8
5700,0
5701,8
5702,9
5703,9
5704,8
5705,8
5706,8
5707,8
5708,8
5709,8
5710,8
5711,8
5712,8
5713,8
5714,8
5715,8
5716,8
5717,8
5718,9
5719,8
5720,8
5721,8
5722,8
5723,8
5724,8
5725,0
5726,9
5727,0
5728,8
5729,8
5730,8
5731,9
5732,8
5733,0
5734,8
5735,8
5736,8
5737,8
5738,3
5739,8
5740,8
5741,8
5742,8
5743,9
5744,8
5745,8
5746,8
5747,8
5748,8
5749,12
5750,8
5751,8
5752,8
5753,8
5754,8
5755,8
5756,8
5757,8
5758,8
5759,8
5760,8
5761,8
5762,8
5763,0
5764,8
5765,9
5766,0
5767,8
5768,8
5769,0
5770,8
5771,0
5772,8
5773,4
5774,8
5775,8
5776,8
5777,8
5778,8
5779,8
5780,8
5781,8
5782,8
5783,8
5784,16
5785,8
5786,0
5787,9
5788,8
5789,8
5790,8
5791,8
5792,8
5793,8
5794,4
5795,8
5796,0
5797,8
5798,8
5799,8
5800,9
5801,0
5802,8
5803,8
5804,8
5805,8
5806,8
5807,4
5808,8
5809,8
5810,8
5811,8
5812,8
5813,8
5814,8
5815,0
5816,7
5817,9
5818,8
5819,9
5820,8
5821,8
5822,8
5823,9
5824,8
5825,18
5826,8
5827,8
5828,9
5829,8
5830,1
5831,9
5832,10
5833,8
5834,8
5835,8
5836,8
5837,8
5838,8
5839,8
5840,4
5841,8
5842,8
5843,8
5844,9
5845,9
5846,17
5847,0
5848,8
5849,8
5850,0
5851,0
5852,9
5853,8
5854,20
5855,8
5856,8
5857,0
5858,8
5859,8
5860,8
5861,9
5862,8
5863,9
5864,8
5865,8
5866,8
5867,0
5868,8
5869,8
5870,9
5871,0
5872,9
5873,1
5874,8
5875,3
5876,0
5877,8
5878,7
5879,8
5880,8
5881,9
5882,8
5883,8
5884,8
5885,5
5886,8
5887,8
5888,8
5889,9
5890,8
5891,8
5892,8
5893,8
5894,8
5895,8
5896,3
5897,8
5898,15
5899,0
5900,8
5901,8
5902,8
5903,8
5904,9
5905,9
5906,9
5907,8
5908,8
5909,8
5910,8
5911,8
5912,15
5913,9
5914,9
5915,8
5916,8
5917,8
5918,8
5919,8
5920,8
5921,8
5922,8
5923,8
5924,8
5925,8
5926,9
5927,9
5928,8
5929,8
5930,8
5931,8
5932,8
5933,8
5934,8
5935,8
5936,8
5937,8
5938,9
5939,8
5940,8
5941,8
5942,8
5943,9
5944,8
5945,8
5946,8
5947,8
5948,8
5949,8
5950,8
5951,8
5952,8
5953,8
5954,8
5955,0
5956,8
5957,3
5958,0
5959,9
5960,8
5961,8
5962,19
5963,8
5964,4
5965,9
5966,4
5967,8
5968,17
5969,8
5970,8
5971,0
5972,8
5973,8
5974,3
5975,8
5976,9
5977,8
5978,8
5979,8
5980,8
5981,9
5982,8
5983,9
5984,8
5985,8
5986,8
5987,8
5988,8
5989,0
5990,8
5991,8
5992,3
5993,15
5994,0
5995,8
5996,0
5997,8
5998,8
5999,4
6000,15
6001,3
6002,8
6003,8
6004,8
6005,0
6006,8
6007,8
6008,8
6009,8
6010,8
6011,8
6012,0
6013,8
6014,3
6015,9
6016,1
6017,9
6018,0
6019,4
6020,8
6021,8
6022,8
6023,8
6024,8
6025,8
6026,0
6027,8
6028,8
6029,8
6030,8
6031,8
6032,8
6033,8
6034,8
6035,8
6036,0
6037,8
6038,8
6039,0
6040,7
6041,9
6042,9
6043,16
6044,0
6045,5
6046,0
6047,8
6048,8
6049,8
6050,8
6051,8
6052,9
6053,9
6054,9
6055,8
6056,8
6057,8
6058,9
6059,9
6060,3
6061,8
6062,8
6063,8
6064,8
6065,8
6066,8
6067,8
6068,8
6069,3
6070,10
6071,0
6072,8
6073,0
6074,0
6075,17
6076,0
6077,9
6078,8
6079,8
6080,8
6081,8
6082,8
6083,8
6084,8
6085,0
6086,8
6087,8
6088,8
6089,8
6090,8
6091,8
6092,8
6093,3
6094,0
6095,8
6096,9
6097,9
6098,8
6099,0
6100,8
6101,8
6102,8
6103,8
6104,3
6105,8
6106,8
6107,8
6108,8
6109,8
6110,8
6111,8
6112,8
6113,9
6114,8
6115,8
6116,8
6117,9
6118,3
6119,0
6120,9
6121,8
6122,8
6123,3
6124,11
6125,8
6126,9
6127,8
6128,8
6129,8
6130,8
6131,0
6132,8
6133,9
6134,8
6135,8
6136,8
6137,9
6138,0
6139,8
6140,8
6141,9
6142,8
6143,8
6144,20
6145,8
6146,0
6147,0
6148,8
6149,0
6150,8
6151,0
6152,8
6153,8
6154,8
6155,8
6156,0
6157,8
6158,9
6159,8
6160,8
6161,3
6162,8
6163,8
6164,8
6165,20
6166,8
6167,3
6168,0
6169,8
6170,8
6171,9
6172,4
6173,8
6174,8
6175,1
6176,9
6177,3
6178,8
6179,0
6180,4
6181,8
6182,9
6183,8
6184,1
6185,20
6186,16
6187,0
6188,8
6189,8
6190,8
6191,8
6192,20
6193,8
6194,8
6195,8
6196,0
6197,8
6198,0
6199,8
6200,0
6201,8
6202,8
6203,9
6204,9
6205,8
6206,9
6207,0
6208,8
6209,8
6210,8
6211,8
6212,9
6213,8
6214,4
6215,8
6216,8
6217,0
6218,8
6219,1
6220,9
6221,8
6222,8
6223,9
6224,8
6225,8
6226,8
6227,8
6228,17
6229,9
6230,8
6231,8
6232,9
6233,8
6234,8
6235,8
6236,8
6237,8
6238,8
6239,9
6240,8
6241,3
6242,9
6243,8
6244,8
6245,9
6246,8
6247,8
6248,8
6249,8
6250,8
6251,8
6252,8
6253,8
6254,8
6255,8
6256,5
6257,8
6258,9
6259,8
6260,8
6261,0
6262,0
6263,9
6264,8
6265,8
6266,0
6267,0
6268,8
6269,8
6270,8
6271,8
6272,8
6273,8
6274,0
6275,8
6276,8
6277,0
6278,8
6279,8
6280,0
6281,8
6282,8
6283,3
6284,8
6285,9
6286,8
6287,8
6288,8
6289,8
6290,8
6291,0
6292,8
6293,8
6294,8
6295,9
6296,8
6297,0
6298,8
6299,8
6300,8
6301,0
6302,8
6303,1
6304,8
6305,8
6306,8
6307,8
6308,8
6309,8
6310,20
6311,8
6312,0
6313,8
6314,8
6315,8
6316,8
6317,8
6318,8
6319,0
6320,0
6321,0
6322,0
6323,0
6324,4
6325,9
6326,8
6327,15
6328,9
6329,20
6330,8
6331,8
6332,8
6333,8
6334,9
6335,8
6336,3
6337,8
6338,8
6339,8
6340,8
6341,8
6342,4
6343,8
6344,8
6345,8
6346,8
6347,0
6348,7
6349,8
6350,8
6351,6
6352,8
6353,8
6354,8
6355,8
6356,0
6357,8
6358,0
6359,8
6360,8
6361,9
6362,5
6363,8
6364,4
6365,8
6366,0
6367,17
6368,9
6369,9
6370,0
6371,8
6372,8
6373,8
6374,8
6375,8
6376,8
6377,8
6378,9
6379,8
6380,8
6381,9
6382,8
6383,17
6384,8
6385,8
6386,9
6387,8
6388,8
6389,8
6390,8
6391,8
6392,0
6393,8
6394,8
6395,8
6396,8
6397,9
6398,8
6399,9
6400,8
6401,17
6402,8
6403,8
6404,8
6405,8
6406,9
6407,8
6408,8
6409,17
6410,8
6411,8
6412,8
6413,3
6414,3
6415,8
6416,13
6417,8
6418,8
6419,9
6420,8
6421,8
6422,4
6423,9
6424,0
6425,8
6426,8
6427,8
6428,9
6429,9
6430,9
6431,9
6432,8
6433,8
6434,8
6435,8
6436,8
6437,8
6438,8
6439,8
6440,8
6441,8
6442,8
6443,2
6444,0
6445,7
6446,3
6447,9
6448,8
6449,3
6450,0
6451,8
6452,8
6453,8
6454,8
6455,8
6456,0
6457,8
6458,8
6459,3
6460,7
6461,8
6462,9
6463,0
6464,8
6465,8
6466,8
6467,8
6468,0
6469,8
6470,8
6471,16
6472,17
6473,19
6474,8
6475,0
6476,8
6477,8
6478,9
6479,8
6480,8
6481,8
6482,8
6483,8
6484,8
6485,8
6486,0
6487,10
6488,9
6489,8
6490,0
6491,8
6492,8
6493,7
6494,8
6495,8
6496,8
6497,8
6498,0
6499,8
6500,8
6501,4
6502,3
6503,8
6504,8
6505,9
6506,8
6507,0
6508,8
6509,0
6510,12
6511,8
6512,0
6513,8
6514,8
6515,16
6516,8
6517,4
6518,0
6519,8
6520,6
6521,8
6522,20
6523,8
6524,8
6525,8
6526,8
6527,8
6528,9
6529,8
6530,9
6531,8
6532,8
6533,8
6534,9
6535,8
6536,8
6537,5
6538,8
6539,8
6540,8
6541,8
6542,8
6543,8
6544,9
6545,8
6546,8
6547,4
6548,8
6549,8
6550,8
6551,12
6552,9
6553,9
6554,9
6555,8
6556,8
6557,9
6558,8
6559,0
6560,0
6561,0
6562,8
6563,8
6564,4
6565,3
6566,9
6567,8
6568,8
6569,7
6570,12
6571,16
6572,4
6573,8
6574,9
6575,8
6576,16
6577,0
6578,0
6579,8
6580,8
6581,8
6582,8
6583,9
6584,8
6585,8
6586,8
6587,0
6588,9
6589,0
6590,0
6591,20
6592,8
6593,8
6594,0
6595,8
6596,0
6597,0
6598,0
6599,12
6600,8
6601,8
6602,12
6603,8
6604,8
6605,8
6606,9
6607,8
6608,8
6609,8
6610,8
6611,8
6612,5
6613,8
6614,8
6615,0
6616,8
6617,8
6618,8
6619,8
6620,0
6621,0
6622,0
6623,9
6624,3
6625,8
6626,8
6627,8
6628,4
6629,16
6630,8
6631,8
6632,0
6633,4
6634,8
6635,0
6636,8
6637,16
6638,8
6639,8
6640,0
6641,8
6642,8
6643,4
6644,4
6645,1
6646,8
6647,8
6648,8
6649,8
6650,0
6651,0
6652,9
6653,8
6654,0
6655,0
6656,8
6657,8
6658,8
6659,0
6660,0
6661,8
6662,8
6663,8
6664,0
6665,8
6666,0
6667,12
6668,8
6669,8
6670,0
6671,0
6672,8
6673,17
6674,8
6675,8
6676,8
6677,8
6678,8
6679,8
6680,8
6681,8
6682,8
6683,9
6684,2
6685,8
6686,8
6687,8
6688,4
6689,8
6690,8
6691,8
6692,5
6693,0
6694,8
6695,8
6696,8
6697,0
6698,8
6699,8
6700,8
6701,3
6702,8
6703,0
6704,9
6705,9
6706,8
6707,0
6708,9
6709,0
6710,8
6711,0
6712,0
6713,8
6714,1
6715,8
6716,0
6717,9
6718,8
6719,8
6720,8
6721,8
6722,8
6723,8
6724,8
6725,8
6726,0
6727,9
6728,8
6729,0
6730,0
6731,0
6732,9
6733,5
6734,8
6735,8
6736,8
6737,16
6738,8
6739,12
6740,8
6741,8
6742,7
6743,10
6744,8
6745,3
6746,8
6747,8
6748,8
6749,0
6750,9
6751,8
6752,8
6753,9
6754,0
6755,15
6756,8
6757,4
6758,9
6759,8
6760,8
6761,20
6762,8
6763,8
6764,9
6765,9
6766,8
6767,8
6768,8
6769,8
6770,4
6771,7
6772,8
6773,8
6774,8
6775,8
6776,0
6777,8
6778,8
6779,8
6780,8
6781,9
6782,8
6783,0
6784,8
6785,0
6786,9
6787,8
6788,9
6789,8
6790,19
6791,8
6792,8
6793,9
6794,0
6795,8
6796,9
6797,8
6798,8
6799,0
6800,8
6801,8
6802,8
6803,8
6804,8
6805,8
6806,8
6807,9
6808,9
6809,8
6810,8
6811,8
6812,8
6813,8
6814,9
6815,8
6816,8
6817,9
6818,8
6819,8
6820,8
6821,8
6822,8
6823,0
6824,8
6825,8
6826,8
6827,4
6828,12
6829,8
6830,0
6831,8
6832,9
6833,8
6834,8
6835,9
6836,2
6837,8
6838,8
6839,8
6840,8
6841,8
6842,3
6843,8
6844,8
6845,8
6846,8
6847,8
6848,20
6849,8
6850,8
6851,8
6852,8
6853,8
6854,0
6855,8
6856,0
6857,8
6858,8
6859,8
6860,8
6861,8
6862,8
6863,8
6864,8
6865,8
6866,8
6867,8
6868,8
6869,8
6870,8
6871,8
6872,8
6873,8
6874,1
6875,8
6876,5
6877,8
6878,0
6879,0
6880,0
6881,4
6882,8
6883,8
6884,8
6885,0
6886,8
6887,9
6888,0
6889,6
6890,8
6891,8
6892,8
6893,9
6894,8
6895,8
6896,17
6897,17
6898,8
6899,0
6900,8
6901,0
6902,0
6903,8
6904,1
6905,8
6906,8
6907,8
6908,8
6909,3
6910,8
6911,0
6912,9
6913,8
6914,8
6915,3
6916,8
6917,8
6918,8
6919,8
6920,9
6921,9
6922,0
6923,8
6924,8
6925,9
6926,8
6927,8
6928,8
6929,7
6930,8
6931,8
6932,0
6933,17
6934,0
6935,9
6936,8
6937,8
6938,8
6939,9
6940,8
6941,17
6942,17
6943,9
6944,8
6945,0
6946,9
6947,15
6948,8
6949,8
6950,0
6951,8
6952,8
6953,17
6954,2
6955,8
6956,8
6957,8
6958,3
6959,8
6960,8
6961,8
6962,8
6963,8
6964,8
6965,8
6966,5
6967,9
6968,17
6969,8
6970,3
6971,9
6972,9
6973,9
6974,9
6975,9
6976,9
6977,8
6978,8
6979,9
6980,8
6981,9
6982,8
6983,8
6984,8
6985,8
6986,8
6987,8
6988,8
6989,4
6990,8
6991,8
6992,4
6993,0
6994,8
6995,4
6996,1
6997,20
6998,9
6999,9
7000,9
7001,0
7002,8
7003,8
7004,8
7005,3
7006,8
7007,8
7008,8
7009,0
7010,8
7011,9
7012,8
7013,8
7014,4
7015,4
7016,8
7017,8
7018,8
7019,8
7020,3
7021,9
7022,7
7023,3
7024,8
7025,9
7026,9
7027,3
7028,9
7029,9
7030,9
7031,9
7032,8
7033,8
7034,8
7035,8
7036,0
7037,8
7038,8
7039,8
7040,8
7041,8
7042,8
7043,0
7044,8
7045,7
7046,8
7047,8
7048,8
7049,8
7050,8
7051,8
7052,8
7053,8
7054,8
7055,8
7056,0
7057,0
7058,8
7059,9
7060,8
7061,8
7062,8
7063,8
7064,8
7065,8
7066,8
7067,9
7068,0
7069,8
7070,0
7071,8
7072,8
7073,8
7074,8
7075,8
7076,8
7077,0
7078,8
7079,8
7080,4
7081,8
7082,8
7083,16
7084,9
7085,20
7086,20
7087,8
7088,8
7089,9
7090,8
7091,8
7092,0
7093,8
7094,8
7095,8
7096,0
7097,8
7098,0
7099,4
7100,10
7101,8
7102,8
7103,0
7104,8
7105,8
7106,4
7107,3
7108,8
7109,8
7110,2
7111,8
7112,3
7113,8
7114,0
7115,0
7116,8
7117,8
7118,8
7119,0
7120,8
7121,8
7122,0
7123,0
7124,8
7125,8
7126,8
7127,8
7128,8
7129,9
7130,0
7131,0
7132,8
7133,8
7134,8
7135,7
7136,8
7137,9
7138,20
7139,8
7140,8
7141,8
7142,4
7143,0
7144,8
7145,8
7146,9
7147,0
7148,8
7149,9
7150,9
7151,9
7152,7
7153,8
7154,8
7155,8
7156,4
7157,9
7158,9
7159,2
7160,8
7161,8
7162,0
7163,3
7164,9
7165,0
7166,6
7167,8
7168,8
7169,9
7170,8
7171,4
7172,3
7173,2
7174,8
7175,8
7176,8
7177,8
7178,9
7179,8
7180,8
7181,20
7182,8
7183,9
7184,8
7185,8
7186,16
7187,4
7188,8
7189,9
7190,17
7191,8
7192,8
7193,8
7194,8
7195,8
7196,7
7197,8
7198,8
7199,8
7200,9
7201,8
7202,9
7203,0
7204,9
7205,8
7206,8
7207,8
7208,8
7209,8
7210,8
7211,8
7212,8
7213,9
7214,0
7215,0
7216,0
7217,8
7218,8
7219,9
7220,1
7221,8
7222,19
7223,8
7224,9
7225,0
7226,0
7227,9
7228,0
7229,3
7230,8
7231,0
7232,9
7233,8
7234,9
7235,8
7236,8
7237,8
7238,8
7239,8
7240,0
7241,8
7242,8
7243,0
7244,19
7245,0
7246,8
7247,8
7248,8
7249,9
7250,0
7251,7
7252,8
7253,8
7254,8
7255,8
7256,8
7257,8
7258,8
7259,8
7260,9
7261,8
7262,0
7263,7
7264,8
7265,10
7266,8
7267,10
7268,8
7269,8
7270,0
7271,0
7272,9
7273,8
7274,9
7275,0
7276,8
7277,8
7278,3
7279,8
7280,9
7281,9
7282,9
7283,8
7284,8
7285,9
7286,9
7287,8
7288,8
7289,8
7290,8
7291,8
7292,7
7293,9
7294,9
7295,8
7296,8
7297,8
7298,8
7299,0
7300,8
7301,8
7302,9
7303,8
7304,7
7305,8
7306,8
7307,8
7308,8
7309,8
7310,8
7311,8
7312,0
7313,0
7314,8
7315,8
7316,8
7317,8
7318,0
7319,9
7320,7
7321,8
7322,8
7323,8
7324,8
7325,0
7326,9
7327,8
7328,8
7329,8
7330,8
7331,8
7332,8
7333,8
7334,8
7335,8
7336,8
7337,8
7338,8
7339,8
7340,8
7341,17
7342,8
7343,4
7344,0
7345,8
7346,3
7347,0
7348,8
7349,8
7350,8
7351,8
7352,0
7353,8
7354,0
7355,8
7356,6
7357,4
7358,8
7359,9
7360,8
7361,8
7362,17
7363,8
7364,0
7365,8
7366,0
7367,8
7368,3
7369,9
7370,8
7371,8
7372,8
7373,8
7374,4
7375,7
7376,8
7377,0
7378,9
7379,8
7380,8
7381,8
7382,8
7383,8
7384,8
7385,8
7386,8
7387,8
7388,8
7389,8
7390,9
7391,8
7392,8
7393,8
7394,8
7395,9
7396,9
7397,0
7398,8
7399,8
7400,8
7401,8
7402,8
7403,8
7404,8
7405,8
7406,8
7407,10
7408,8
7409,8
7410,8
7411,17
7412,0
7413,8
7414,9
7415,8
7416,9
7417,8
7418,8
7419,8
7420,8
7421,8
7422,8
7423,8
7424,3
7425,8
7426,8
7427,8
7428,0
7429,8
7430,8
7431,8
7432,0
7433,8
7434,3
7435,0
7436,8
7437,4
7438,8
7439,12
7440,8
7441,8
7442,8
7443,0
7444,8
7445,0
7446,8
7447,8
7448,8
7449,8
7450,8
7451,8
7452,8
7453,8
7454,16
7455,16
7456,9
7457,8
7458,8
7459,9
7460,8
7461,0
7462,8
7463,8
7464,20
7465,20
7466,8
7467,8
7468,8
7469,8
7470,1
7471,1
7472,0
7473,3
7474,0
7475,8
7476,8
7477,9
7478,2
7479,8
7480,8
7481,9
7482,8
7483,8
7484,8
7485,8
7486,9
7487,9
7488,8
7489,9
7490,8
7491,8
7492,8
7493,8
7494,8
7495,6
7496,8
7497,4
7498,8
7499,0
7500,1
7501,8
7502,0
7503,8
7504,8
7505,0
7506,8
7507,8
7508,8
7509,8
7510,0
7511,0
7512,0
7513,8
7514,8
7515,8
7516,3
7517,8
7518,8
7519,0
7520,8
7521,8
7522,8
7523,8
7524,8
7525,8
7526,8
7527,10
7528,0
7529,9
7530,12
7531,0
7532,8
7533,9
7534,9
7535,8
7536,8
7537,12
7538,9
7539,8
7540,9
7541,8
7542,8
7543,8
7544,8
7545,9
7546,8
7547,8
7548,8
7549,8
7550,8
7551,8
7552,8
7553,8
7554,8
7555,8
7556,9
7557,8
7558,8
7559,9
7560,8
7561,3
7562,3
7563,8
7564,12
7565,12
7566,12
7567,17
7568,8
7569,0
7570,8
7571,4
7572,9
7573,8
7574,8
7575,8
7576,8
7577,8
7578,8
7579,8
7580,8
7581,8
7582,8
7583,0
7584,2
7585,8
7586,9
7587,8
7588,8
7589,8
7590,9
7591,8
7592,8
7593,8
7594,8
7595,4
7596,8
7597,8
7598,0
7599,8
7600,8
7601,12
7602,9
7603,0
7604,8
7605,0
7606,8
7607,0
7608,8
7609,8
7610,8
7611,8
7612,8
7613,8
7614,8
7615,8
7616,8
7617,0
7618,8
7619,8
7620,8
7621,8
7622,8
7623,8
7624,8
7625,8
7626,8
7627,0
7628,8
7629,0
7630,8
7631,8
7632,8
7633,10
7634,8
7635,8
7636,4
7637,9
7638,8
7639,8
7640,8
7641,8
7642,8
7643,8
7644,8
7645,8
7646,8
7647,8
7648,8
7649,7
7650,8
7651,8
7652,8
7653,8
7654,8
7655,4
7656,8
7657,8
7658,0
7659,8
7660,8
7661,8
7662,8
7663,8
7664,8
7665,8
7666,17
7667,8
7668,8
7669,8
7670,8
7671,8
7672,8
7673,8
7674,8
7675,8
7676,8
7677,0
7678,8
7679,8
7680,8
7681,17
7682,8
7683,9
7684,8
7685,8
7686,0
7687,8
7688,8
7689,8
7690,8
7691,8
7692,8
7693,8
7694,8
7695,0
7696,0
7697,9
7698,8
7699,8
7700,8
7701,8
7702,0
7703,8
7704,8
7705,8
7706,0
7707,8
7708,8
7709,8
7710,8
7711,4
7712,8
7713,8
7714,9
7715,4
7716,3
7717,20
7718,8
7719,8
7720,8
7721,9
7722,9
7723,8
7724,2
7725,7
7726,6
7727,7
7728,12
7729,12
7730,8
7731,8
7732,10
7733,9
7734,8
7735,8
7736,0
7737,9
7738,8
7739,8
7740,9
7741,0
7742,8
7743,8
7744,8
7745,8
7746,8
7747,9
7748,8
7749,8
7750,8
7751,1
7752,8
7753,8
7754,0
7755,9
7756,0
7757,8
7758,7
7759,8
7760,7
7761,8
7762,8
7763,8
7764,8
7765,8
7766,8
7767,8
7768,8
7769,8
7770,7
7771,7
7772,7
7773,8
7774,8
7775,0
7776,8
7777,8
7778,8
7779,7
7780,8
7781,8
7782,8
7783,0
7784,8
7785,8
7786,8
7787,0
7788,8
7789,12
7790,8
7791,7
7792,7
7793,7
7794,7
7795,9
7796,8
7797,9
7798,8
7799,0
7800,9
7801,9
7802,8
7803,8
7804,9
7805,8
7806,8
7807,0
7808,9
7809,8
7810,12
7811,8
7812,9
7813,8
7814,8
7815,9
7816,8
7817,0
7818,8
7819,8
7820,4
7821,0
7822,8
7823,8
7824,0
7825,8
7826,0
7827,8
7828,0
7829,8
7830,8
7831,8
7832,8
7833,8
7834,8
7835,8
7836,8
7837,8
7838,8
7839,8
7840,8
7841,0
7842,12
7843,8
7844,8
7845,8
7846,8
7847,8
7848,8
7849,8
7850,8
7851,8
7852,8
7853,8
7854,8
7855,8
7856,8
7857,0
7858,17
7859,8
7860,8
7861,8
7862,8
7863,0
7864,12
7865,8
7866,2
7867,8
7868,8
7869,8
7870,8
7871,9
7872,8
7873,8
7874,8
7875,8
7876,8
7877,3
7878,3
7879,9
7880,8
7881,8
7882,12
7883,8
7884,8
7885,8
7886,8
7887,8
7888,8
7889,8
7890,8
7891,8
7892,8
7893,8
7894,8
7895,8
7896,8
7897,8
7898,8
7899,7
7900,8
7901,8
7902,0
7903,12
7904,8
7905,8
7906,8
7907,9
7908,8
7909,9
7910,8
7911,8
7912,8
7913,8
7914,8
7915,9
7916,9
7917,0
7918,8
7919,12
7920,20
7921,8
7922,8
7923,8
7924,8
7925,8
7926,8
7927,8
7928,8
7929,9
7930,8
7931,9
7932,8
7933,8
7934,0
7935,8
7936,9
7937,8
7938,8
7939,8
7940,8
7941,8
7942,8
7943,3
7944,8
7945,8
7946,7
7947,8
7948,8
7949,8
7950,8
7951,8
7952,4
7953,9
7954,9
7955,8
7956,0
7957,9
7958,8
7959,8
7960,8
7961,8
7962,8
7963,8
7964,8
7965,8
7966,8
7967,8
7968,8
7969,8
7970,9
7971,4
7972,8
7973,8
7974,8
7975,8
7976,8
7977,8
7978,8
7979,8
7980,8
7981,8
7982,8
7983,8
7984,3
7985,8
7986,8
7987,9
7988,1
7989,1
7990,3
7991,8
7992,0
7993,8
7994,8
7995,8
7996,8
7997,8
7998,9
7999,8
8000,0
8001,8
8002,8
8003,8
8004,8
8005,8
8006,8
8007,8
8008,2
8009,2
8010,2
8011,8
8012,8
8013,0
8014,8
8015,8
8016,8
8017,9
8018,8
8019,8
8020,8
8021,8
8022,7
8023,8
8024,8
8025,8
8026,8
8027,12
8028,8
8029,8
8030,0
8031,8
8032,0
8033,8
8034,8
8035,8
8036,7
8037,0
8038,8
8039,8
8040,8
8041,9
8042,0
8043,0
8044,9
8045,15
8046,9
8047,8
8048,8
8049,0
8050,8
8051,8
8052,8
8053,8
8054,8
8055,3
8056,8
8057,8
8058,8
8059,8
8060,2
8061,3
8062,8
8063,8
8064,8
8065,8
8066,9
8067,8
8068,8
8069,8
8070,8
8071,8
8072,8
8073,8
8074,8
8075,8
8076,0
8077,8
8078,8
8079,8
8080,8
8081,10
8082,8
8083,8
8084,8
8085,8
8086,8
8087,0
8088,8
8089,8
8090,8
8091,8
8092,8
8093,8
8094,3
8095,12
8096,8
8097,12
8098,8
8099,9
8100,9
8101,0
8102,8
8103,8
8104,0
8105,8
8106,8
8107,8
8108,8
8109,3
8110,8
8111,8
8112,8
8113,8
8114,8
8115,9
8116,0
8117,0
8118,8
8119,0
8120,3
8121,8
8122,9
8123,9
8124,9
8125,8
8126,8
8127,8
8128,8
8129,8
8130,8
8131,8
8132,8
8133,0
8134,8
8135,8
8136,8
8137,8
8138,8
8139,8
8140,8
8141,8
8142,8
8143,8
8144,8
8145,8
8146,8
8147,8
8148,8
8149,8
8150,8
8151,8
8152,8
8153,8
8154,8
8155,8
8156,8
8157,8
8158,0
8159,8
8160,8
8161,8
8162,8
8163,8
8164,4
8165,8
8166,8
8167,8
8168,8
8169,8
8170,3
8171,8
8172,8
8173,8
8174,3
8175,8
8176,8
8177,8
8178,8
8179,8
8180,8
8181,8
8182,0
8183,8
8184,8
8185,8
8186,9
8187,8
8188,8
8189,8
8190,8
8191,9
8192,0
8193,9
8194,8
8195,8
8196,8
8197,8
8198,8
8199,8
8200,8
8201,8
8202,8
8203,8
8204,8
8205,8
8206,8
8207,8
8208,9
8209,8
8210,8
8211,8
8212,8
8213,8
8214,8
8215,15
8216,8
8217,0
8218,8
8219,8
8220,8
8221,8
8222,8
8223,8
8224,8
8225,8
8226,8
8227,8
8228,8
8229,8
8230,8
8231,8
8232,8
8233,8
8234,8
8235,8
8236,8
8237,8
8238,8
8239,8
8240,8
8241,8
8242,9
8243,8
8244,8
8245,8
8246,8
8247,8
8248,8
8249,8
8250,8
8251,8
8252,8
8253,8
8254,8
8255,7
8256,9
8257,8
8258,9
8259,8
8260,9
8261,3
8262,8
8263,2
8264,9
8265,8
8266,8
8267,4
8268,0
8269,0
8270,9
8271,8
8272,8
8273,9
8274,9
8275,0
8276,9
8277,8
8278,17
8279,8
8280,8
8281,12
8282,9
8283,8
8284,8
8285,8
8286,8
8287,4
8288,8
8289,8
8290,4
8291,3
8292,0
8293,8
8294,8
8295,8
8296,0
8297,9
8298,8
8299,8
8300,8
8301,8
8302,17
8303,8
8304,8
8305,0
8306,0
8307,8
8308,3
8309,8
8310,8
8311,8
8312,8
8313,8
8314,8
8315,8
8316,0
8317,8
8318,8
8319,9
8320,9
8321,8
8322,8
8323,8
8324,0
8325,8
8326,3
8327,8
8328,8
8329,8
8330,8
8331,8
8332,9
8333,0
8334,8
8335,8
8336,20
8337,0
8338,8
8339,8
8340,4
8341,8
8342,0
8343,8
8344,8
8345,8
8346,8
8347,8
8348,20
8349,8
8350,8
8351,7
8352,8
8353,8
8354,4
8355,8
8356,9
8357,8
8358,8
8359,8
8360,8
8361,8
8362,8
8363,8
8364,8
8365,20
8366,9
8367,8
8368,8
8369,8
8370,0
8371,8
8372,8
8373,8
8374,8
8375,8
8376,19
8377,8
8378,8
8379,8
8380,8
8381,7
8382,8
8383,0
8384,8
8385,8
8386,4
8387,8
8388,9
8389,8
8390,0
8391,9
8392,3
8393,8
8394,17
8395,8
8396,8
8397,8
8398,9
8399,8
8400,8
8401,8
8402,8
8403,9
8404,3
8405,4
8406,8
8407,0
8408,8
8409,0
8410,8
8411,8
8412,8
8413,1
8414,17
8415,8
8416,8
8417,0
8418,8
8419,8
8420,8
8421,4
8422,8
8423,3
8424,0
8425,9
8426,8
8427,8
8428,8
8429,8
8430,8
8431,0
8432,8
8433,3
8434,8
8435,8
8436,8
8437,8
8438,8
8439,8
8440,8
8441,0
8442,8
8443,8
8444,0
8445,8
8446,8
8447,8
8448,8
8449,9
8450,8
8451,8
8452,8
8453,8
8454,8
8455,8
8456,8
8457,4
8458,3
8459,7
8460,3
8461,3
8462,0
8463,8
8464,8
8465,8
8466,8
8467,8
8468,8
8469,2
8470,8
8471,8
8472,0
8473,0
8474,8
8475,8
8476,8
8477,0
8478,8
8479,17
8480,8
8481,0
8482,8
8483,9
8484,8
8485,8
8486,8
8487,8
8488,8
8489,8
8490,8
8491,8
8492,0
8493,8
8494,0
8495,8
8496,8
8497,12
8498,8
8499,8
8500,8
8501,8
8502,8
8503,8
8504,8
8505,9
8506,0
8507,0
8508,8
8509,8
8510,8
8511,8
8512,0
8513,4
8514,8
8515,8
8516,9
8517,8
8518,9
8519,8
8520,8
8521,8
8522,9
8523,9
8524,0
8525,8
8526,8
8527,8
8528,8
8529,8
8530,8
8531,8
8532,3
8533,8
8534,8
8535,8
8536,8
8537,8
8538,8
8539,8
8540,8
8541,8
8542,8
8543,8
8544,9
8545,8
8546,8
8547,8
8548,8
8549,8
8550,10
8551,8
8552,0
8553,8
8554,8
8555,8
8556,8
8557,20
8558,0
8559,8
8560,8
8561,8
8562,9
8563,8
8564,0
8565,8
8566,8
8567,8
8568,0
8569,8
8570,8
8571,3
8572,8
8573,8
8574,0
8575,8
8576,9
8577,9
8578,8
8579,1
8580,8
8581,0
8582,9
8583,15
8584,15
8585,8
8586,15
8587,8
8588,8
8589,8
8590,15
8591,15
8592,8
8593,8
8594,15
8595,8
8596,9
8597,8
8598,0
8599,8
8600,8
8601,8
8602,8
8603,9
8604,8
8605,8
8606,8
8607,8
8608,3
8609,15
8610,12
8611,8
8612,8
8613,8
8614,8
8615,8
8616,8
8617,0
8618,8
8619,0
8620,8
8621,8
8622,3
8623,9
8624,8
8625,8
8626,3
8627,3
8628,8
8629,8
8630,8
8631,8
8632,8
8633,8
8634,8
8635,7
8636,8
8637,15
8638,8
8639,8
8640,6
8641,0
8642,8
8643,9
8644,9
8645,8
8646,7
8647,7
8648,7
8649,7
8650,7
8651,8
8652,8
8653,7
8654,8
8655,8
8656,8
8657,8
8658,8
8659,7
8660,7
8661,7
8662,7
8663,7
8664,7
8665,7
8666,7
8667,7
8668,7
8669,8
8670,8
8671,8
8672,8
8673,8
8674,8
8675,8
8676,8
8677,0
8678,15
8679,8
8680,8
8681,0
8682,8
8683,7
8684,7
8685,8
8686,7
8687,7
8688,7
8689,7
8690,7
8691,9
8692,8
8693,8
8694,8
8695,8
8696,8
8697,3
8698,7
8699,7
8700,12
8701,7
8702,3
8703,7
8704,7
8705,8
8706,3
8707,7
8708,3
8709,7
8710,8
8711,8
8712,8
8713,7
8714,8
8715,8
8716,8
8717,8
8718,8
8719,8
8720,8
8721,8
8722,8
8723,9
8724,8
8725,0
8726,8
8727,9
8728,8
8729,8
8730,8
8731,8
8732,0
8733,8
8734,8
8735,8
8736,0
8737,8
8738,8
8739,0
8740,8
8741,8
8742,8
8743,8
8744,8
8745,9
8746,4
8747,0
8748,8
8749,17
8750,4
8751,8
8752,5
8753,8
8754,8
8755,8
8756,12
8757,8
8758,8
8759,8
8760,8
8761,4
8762,8
8763,8
8764,9
8765,9
8766,0
8767,8
8768,10
8769,8
8770,0
8771,8
8772,9
8773,8
8774,8
8775,8
8776,8
8777,8
8778,8
8779,8
8780,8
8781,8
8782,8
8783,8
8784,8
8785,8
8786,8
8787,8
8788,8
8789,8
8790,8
8791,8
8792,8
8793,8
8794,3
8795,8
8796,8
8797,8
8798,20
8799,0
8800,8
8801,20
8802,15
8803,15
8804,15
8805,15
8806,15
8807,7
8808,15
8809,6
8810,0
8811,10
8812,8
8813,8
8814,9
8815,8
8816,8
8817,20
8818,8
8819,8
8820,9
8821,8
8822,8
8823,8
8824,8
8825,8
8826,8
8827,8
8828,8
8829,8
8830,8
8831,8
8832,8
8833,8
8834,8
8835,8
8836,8
8837,8
8838,0
8839,0
8840,4
8841,9
8842,8
8843,8
8844,8
8845,0
8846,9
8847,8
8848,8
8849,0
8850,9
8851,0
8852,3
8853,8
8854,9
8855,4
8856,9
8857,2
8858,0
8859,5
8860,9
8861,9
8862,0
8863,8
8864,8
8865,4
8866,8
8867,0
8868,0
8869,8
8870,8
8871,0
8872,0
8873,0
8874,0
8875,9
8876,0
8877,9
8878,7
8879,17
8880,8
8881,8
8882,3
8883,8
8884,0
8885,8
8886,8
8887,8
8888,8
8889,8
8890,8
8891,8
8892,0
8893,8
8894,8
8895,8
8896,8
8897,8
8898,8
8899,0
8900,9
8901,8
8902,8
8903,8
8904,17
8905,8
8906,4
8907,8
8908,8
8909,8
8910,20
8911,8
8912,9
8913,8
8914,8
8915,7
8916,8
8917,8
8918,8
8919,8
8920,9
8921,9
8922,8
8923,8
8924,8
8925,10
8926,8
8927,8
8928,8
8929,9
8930,8
8931,8
8932,8
8933,0
8934,8
8935,8
8936,8
8937,8
8938,8
8939,9
8940,8
8941,8
8942,17
8943,8
8944,8
8945,8
8946,8
8947,8
8948,8
8949,8
8950,8
8951,8
8952,8
8953,8
8954,7
8955,8
8956,9
8957,8
8958,8
8959,8
8960,0
8961,8
8962,8
8963,8
8964,3
8965,7
8966,8
8967,8
8968,8
8969,8
8970,8
8971,8
8972,8
8973,8
8974,8
8975,8
8976,8
8977,8
8978,8
8979,8
8980,8
8981,0
8982,9
8983,8
8984,8
8985,8
8986,8
8987,8
8988,0
8989,0
8990,8
8991,8
8992,9
8993,8
8994,8
8995,8
8996,8
8997,8
8998,8
8999,8
9000,8
9001,8
9002,9
9003,8
9004,8
9005,8
9006,8
9007,8
9008,8
9009,8
9010,8
9011,8
9012,8
9013,8
9014,8
9015,8
9016,8
9017,17
9018,8
9019,17
9020,8
9021,8
9022,8
9023,8
9024,8
9025,8
9026,8
9027,8
9028,8
9029,9
9030,3
9031,8
9032,8
9033,8
9034,8
9035,8
9036,8
9037,8
9038,8
9039,8
9040,8
9041,7
9042,8
9043,8
9044,8
9045,9
9046,8
9047,8
9048,0
9049,3
9050,8
9051,8
9052,8
9053,8
9054,8
9055,3
9056,8
9057,8
9058,8
9059,8
9060,8
9061,9
9062,8
9063,8
9064,0
9065,8
9066,8
9067,10
9068,8
9069,8
9070,8
9071,9
9072,8
9073,8
9074,8
9075,8
9076,8
9077,9
9078,8
9079,0
9080,8
9081,8
9082,15
9083,8
9084,8
9085,8
9086,8
9087,8
9088,8
9089,8
9090,8
9091,8
9092,8
9093,8
9094,8
9095,8
9096,9
9097,8
9098,4
9099,8
9100,8
9101,8
9102,0
9103,12
9104,8
9105,8
9106,8
9107,0
9108,8
9109,9
9110,8
9111,8
9112,20
9113,3
9114,8
9115,7
9116,8
9117,8
9118,8
9119,8
9120,0
9121,8
9122,8
9123,9
9124,0
9125,8
9126,8
9127,8
9128,8
9129,1
9130,8
9131,8
9132,0
9133,8
9134,9
9135,8
9136,8
9137,20
9138,8
9139,8
9140,0
9141,8
9142,8
9143,8
9144,8
9145,8
9146,8
9147,8
9148,3
9149,9
9150,8
9151,3
9152,0
9153,0
9154,8
9155,8
9156,9
9157,8
9158,8
9159,0
9160,8
9161,16
9162,8
9163,8
9164,0
9165,8
9166,8
9167,8
9168,8
9169,8
9170,8
9171,8
9172,8
9173,8
9174,8
9175,8
9176,8
9177,8
9178,8
9179,8
9180,0
9181,9
9182,8
9183,8
9184,8
9185,8
9186,20
9187,8
9188,17
9189,8
9190,8
9191,8
9192,8
9193,17
9194,7
9195,8
9196,9
9197,8
9198,8
9199,0
9200,8
9201,8
9202,8
9203,3
9204,8
9205,17
9206,8
9207,8
9208,8
9209,8
9210,8
9211,20
9212,8
9213,8
9214,8
9215,9
9216,8
9217,8
9218,20
9219,17
9220,8
9221,8
9222,1
9223,8
9224,9
9225,0
9226,0
9227,8
9228,8
9229,8
9230,8
9231,8
9232,8
9233,8
9234,8
9235,8
9236,8
9237,8
9238,9
9239,8
9240,8
9241,8
9242,8
9243,8
9244,8
9245,8
9246,8
9247,8
9248,8
9249,8
9250,8
9251,8
9252,8
9253,8
9254,8
9255,9
9256,8
9257,8
9258,8
9259,8
9260,8
9261,8
9262,19
9263,8
9264,0
9265,9
9266,3
9267,8
9268,8
9269,0
9270,8
9271,9
9272,8
9273,8
9274,8
9275,8
9276,8
9277,8
9278,0
9279,8
9280,8
9281,8
9282,8
9283,8
9284,8
9285,8
9286,8
9287,8
9288,12
9289,8
9290,8
9291,9
9292,8
9293,8
9294,8
9295,0
9296,8
9297,0
9298,0
9299,8
9300,8
9301,8
9302,8
9303,0
9304,8
9305,8
9306,8
9307,8
9308,8
9309,8
9310,4
9311,8
9312,0
9313,8
9314,8
9315,8
9316,8
9317,8
9318,8
9319,8
9320,8
9321,9
9322,8
9323,8
9324,4
9325,8
9326,8
9327,8
9328,8
9329,8
9330,8
9331,8
9332,8
9333,8
9334,8
9335,8
9336,8
9337,8
9338,8
9339,19
9340,8
9341,8
9342,8
9343,9
9344,0
9345,8
9346,8
9347,8
9348,8
9349,0
9350,8
9351,12
9352,0
9353,0
9354,8
9355,3
9356,8
9357,8
9358,8
9359,1
9360,14
9361,8
9362,9
9363,8
9364,0
9365,9
9366,8
9367,9
9368,8
9369,9
9370,3
9371,3
9372,8
9373,2
9374,8
9375,3
9376,8
9377,8
9378,8
9379,7
9380,3
9381,9
9382,9
9383,8
9384,8
9385,8
9386,8
9387,8
9388,8
9389,0
9390,8
9391,9
9392,8
9393,8
9394,8
9395,9
9396,9
9397,9
9398,8
9399,8
9400,8
9401,8
9402,8
9403,8
9404,8
9405,8
9406,8
9407,8
9408,0
9409,9
9410,8
9411,8
9412,8
9413,8
9414,8
9415,8
9416,8
9417,8
9418,8
9419,8
9420,8
9421,8
9422,8
9423,8
9424,8
9425,8
9426,8
9427,8
9428,8
9429,8
9430,8
9431,8
9432,8
9433,8
9434,8
9435,8
9436,8
9437,8
9438,8
9439,8
9440,8
9441,8
9442,8
9443,8
9444,8
9445,8
9446,8
9447,17
9448,4
9449,8
9450,8
9451,8
9452,8
9453,8
9454,8
9455,8
9456,8
9457,8
9458,8
9459,8
9460,8
9461,8
9462,8
9463,8
9464,8
9465,8
9466,8
9467,8
9468,8
9469,0
9470,4
9471,4
9472,4
9473,4
9474,8
9475,8
9476,8
9477,8
9478,4
9479,8
9480,8
9481,8
9482,8
9483,8
9484,8
9485,8
9486,8
9487,8
9488,8
9489,8
9490,8
9491,8
9492,8
9493,8
9494,8
9495,8
9496,8
9497,8
9498,8
9499,8
9500,8
9501,8
9502,8
9503,8
9504,8
9505,8
9506,8
9507,8
9508,8
9509,8
9510,8
9511,8
9512,8
9513,8
9514,8
9515,8
9516,8
9517,8
9518,8
9519,8
9520,9
9521,9
9522,8
9523,9
9524,9
9525,0
9526,8
9527,8
9528,8
9529,8
9530,8
9531,8
9532,8
9533,8
9534,8
9535,8
9536,8
9537,8
9538,8
9539,8
9540,8
9541,0
9542,8
9543,8
9544,8
9545,8
9546,8
9547,8
9548,8
9549,2
9550,8
9551,8
9552,8
9553,8
9554,3
9555,14
9556,8
9557,8
9558,8
9559,8
9560,8
9561,8
9562,0
9563,8
9564,8
9565,0
9566,8
9567,8
9568,8
9569,8
9570,8
9571,9
9572,8
9573,8
9574,8
9575,8
9576,8
9577,8
9578,8
9579,9
9580,8
9581,8
9582,8
9583,8
9584,8
9585,0
9586,9
9587,8
9588,0
9589,0
9590,8
9591,8
9592,8
9593,8
9594,9
9595,8
9596,8
9597,7
9598,8
9599,9
9600,8
9601,8
9602,8
9603,8
9604,4
9605,8
9606,0
9607,9
9608,8
9609,8
9610,0
9611,0
9612,0
9613,0
9614,0
9615,0
9616,0
9617,8
9618,8
9619,8
9620,8
9621,8
9622,8
9623,8
9624,8
9625,8
9626,8
9627,8
9628,8
9629,8
9630,8
9631,0
9632,0
9633,8
9634,20
9635,9
9636,8
9637,8
9638,8
9639,8
9640,8
9641,8
9642,0
9643,7
9644,7
9645,9
9646,8
9647,8
9648,8
9649,8
9650,1
9651,4
9652,0
9653,8
9654,8
9655,0
9656,8
9657,8
9658,8
9659,8
9660,9
9661,12
9662,3
9663,0
9664,3
9665,3
9666,3
9667,7
9668,4
9669,8
9670,9
9671,8
9672,8
9673,8
9674,8
9675,8
9676,15
9677,8
9678,8
9679,8
9680,7
9681,3
9682,8
9683,8
9684,8
9685,8
9686,4
9687,8
9688,8
9689,8
9690,16
9691,4
9692,0
9693,4
9694,0
9695,0
9696,0
9697,0
9698,8
9699,8
9700,14
9701,8
9702,8
9703,8
9704,8
9705,8
9706,8
9707,2
9708,8
9709,0
9710,4
9711,8
9712,9
9713,8
9714,0
9715,9
9716,8
9717,0
9718,9
9719,8
9720,8
9721,0
9722,0
9723,8
9724,9
9725,9
9726,8
9727,8
9728,10
9729,8
9730,8
9731,8
9732,0
9733,8
9734,8
9735,8
9736,9
9737,8
9738,9
9739,8
9740,8
9741,8
9742,9
9743,2
9744,8
9745,0
9746,0
9747,9
9748,8
9749,8
9750,8
9751,8
9752,8
9753,0
9754,8
9755,8
9756,8
9757,8
9758,8
9759,0
9760,8
9761,8
9762,8
9763,8
9764,0
9765,8
9766,8
9767,8
9768,8
9769,8
9770,8
9771,8
9772,8
9773,8
9774,8
9775,8
9776,8
9777,8
9778,8
9779,8
9780,8
9781,8
9782,8
9783,8
9784,8
9785,8
9786,8
9787,8
9788,8
9789,8
9790,9
9791,8
9792,8
9793,9
9794,8
9795,9
9796,5
9797,5
9798,0
9799,2
9800,8
9801,8
9802,8
9803,1
9804,15
9805,8
9806,8
9807,8
9808,8
9809,8
9810,0
9811,5
9812,0
9813,9
9814,8
9815,0
9816,8
9817,8
9818,9
9819,8
9820,3
9821,0
9822,8
9823,8
9824,8
9825,8
9826,4
9827,8
9828,4
9829,8
9830,0
9831,3
9832,8
9833,8
9834,8
9835,7
9836,8
9837,4
9838,0
9839,3
9840,8
9841,8
9842,8
9843,8
9844,0
9845,9
9846,9
9847,9
9848,9
9849,8
9850,0
9851,8
9852,8
9853,8
9854,1
9855,3
9856,8
9857,8
9858,3
9859,8
9860,0
9861,8
9862,12
9863,8
9864,0
9865,8
9866,8
9867,8
9868,8
9869,8
9870,0
9871,8
9872,8
9873,15
9874,8
9875,8
9876,8
9877,8
9878,8
9879,8
9880,0
9881,9
9882,9
9883,8
9884,15
9885,15
9886,8
9887,8
9888,4
9889,8
9890,9
9891,0
9892,9
9893,8
9894,9
9895,8
9896,8
9897,8
9898,8
9899,0
9900,4
9901,4
9902,8
9903,8
9904,8
9905,8
9906,8
9907,8
9908,8
9909,8
9910,3
9911,8
9912,8
9913,8
9914,9
9915,8
9916,8
9917,8
9918,8
9919,8
9920,8
9921,8
9922,8
9923,8
9924,8
9925,8
9926,8
9927,8
9928,8
9929,8
9930,8
9931,8
9932,8
9933,8
9934,8
9935,8
9936,8
9937,8
9938,8
9939,8
9940,9
9941,8
9942,2
9943,8
9944,8
9945,8
9946,8
9947,8
9948,8
9949,8
9950,8
9951,8
9952,8
9953,3
9954,7
9955,3
9956,3
9957,8
9958,15
9959,8
9960,8
9961,8
9962,8
9963,3
9964,3
9965,8
9966,8
9967,8
9968,17
9969,8
9970,8
9971,8
9972,8
9973,8
9974,8
9975,8
9976,3
9977,8
9978,3
9979,3
9980,8
9981,12
9982,7
9983,8
9984,8
9985,8
9986,8
9987,8
9988,8
9989,8
9990,8
9991,3
9992,8
9993,8
9994,8
9995,3
9996,8
9997,8
9998,8
9999,8
10000,7
10001,8
10002,8
10003,8
10004,8
10005,8
10006,8
10007,8
10008,8
10009,8
10010,8
10011,8
10012,17
10013,8
10014,8
10015,8
10016,8
10017,8
10018,8
10019,8
10020,8
10021,8
10022,8
10023,8
10024,8
10025,8
10026,7
10027,8
10028,8
10029,8
10030,8
10031,8
10032,8
10033,8
10034,1
10035,9
10036,9
10037,8
10038,0
10039,8
10040,8
10041,8
10042,8
10043,15
10044,15
10045,8
10046,8
10047,15
10048,9
10049,8
10050,8
10051,15
10052,15
10053,15
10054,4
10055,4
10056,8
10057,8
10058,8
10059,15
10060,15
10061,15
10062,8
10063,9
10064,4
10065,4
10066,4
10067,15
10068,8
10069,8
10070,8
10071,20
10072,20
10073,8
10074,8
10075,8
10076,8
10077,8
10078,8
10079,8
10080,8
10081,8
10082,15
10083,9
10084,8
10085,8
10086,8
10087,8
10088,8
10089,8
10090,8
10091,8
10092,8
10093,8
10094,8
10095,8
10096,8
10097,8
10098,8
10099,8
10100,8
10101,8
10102,8
10103,8
10104,12
10105,3
10106,8
10107,0
10108,8
10109,8
10110,8
10111,8
10112,8
10113,8
10114,8
10115,8
10116,8
10117,15
10118,8
10119,8
10120,8
10121,9
10122,9
10123,17
10124,8
10125,8
10126,8
10127,8
10128,8
10129,8
10130,8
10131,8
10132,8
10133,4
10134,0
10135,8
10136,8
10137,8
10138,8
10139,8
10140,8
10141,8
10142,8
10143,8
10144,8
10145,8
10146,8
10147,8
10148,8
10149,8
10150,8
10151,8
10152,8
10153,5
10154,8
10155,8
10156,8
10157,8
10158,8
10159,8
10160,8
10161,8
10162,0
10163,8
10164,8
10165,4
10166,8
10167,8
10168,8
10169,8
10170,8
10171,8
10172,8
10173,8
10174,8
10175,0
10176,3
10177,8
10178,8
10179,7
10180,8
10181,8
10182,8
10183,8
10184,8
10185,8
10186,8
10187,15
10188,8
10189,15
10190,8
10191,0
10192,20
10193,8
10194,8
10195,8
10196,8
10197,8
10198,8
10199,8
10200,8
10201,8
10202,8
10203,8
10204,8
10205,8
10206,8
10207,8
10208,8
10209,8
10210,0
10211,8
10212,8
10213,8
10214,15
10215,8
10216,8
10217,8
10218,15
10219,8
10220,8
10221,8
10222,8
10223,8
10224,8
10225,8
10226,8
10227,8
10228,8
10229,8
10230,8
10231,8
10232,8
10233,7
10234,8
10235,8
10236,8
10237,15
10238,8
10239,8
10240,8
10241,15
10242,15
10243,8
10244,8
10245,8
10246,8
10247,8
10248,8
10249,8
10250,8
10251,9
10252,4
10253,0
10254,8
10255,8
10256,8
10257,8
10258,8
10259,8
10260,8
10261,3
10262,8
10263,3
10264,8
10265,8
10266,8
10267,8
10268,8
10269,3
10270,8
10271,9
10272,9
10273,8
10274,8
10275,8
10276,8
10277,8
10278,8
10279,8
10280,0
10281,8
10282,8
10283,8
10284,0
10285,8
10286,8
10287,8
10288,8
10289,8
10290,8
10291,8
10292,8
10293,8
10294,8
10295,8
10296,8
10297,8
10298,8
10299,8
10300,9
10301,17
10302,8
10303,9
10304,0
10305,8
10306,8
10307,8
10308,0
10309,8
10310,0
10311,9
10312,9
10313,8
10314,8
10315,8
10316,8
10317,8
10318,8
10319,3
10320,8
10321,8
10322,8
10323,8
10324,8
10325,4
10326,8
10327,8
